"method_group","slope_metric","qc_name","qc_type","occurrence_min","collection_min","min_cells_per_latbin","zone_requirement","hemisphere","n_total_stage_hemi","n_with_slope","n_good","n_good_with_slope","prop_good_with_slope","method_label","filter_label","k_label","zone_label","qc_plot_label"
"per_cell_all_cells_OLS","all_cells_slope","collection10_k1_tropical_temperate","collection",NA,10,1,"tropical_temperate","Northern",87,66,46,46,0.528735632183908,"Per-cell all-cell OLS","collection_no >= 10","k = 1","T + Te","collection_no >= 10 | k = 1 | T + Te"
"per_cell_all_cells_OLS","all_cells_slope","collection10_k1_tropical_temperate","collection",NA,10,1,"tropical_temperate","Southern",87,69,37,37,0.425287356321839,"Per-cell all-cell OLS","collection_no >= 10","k = 1","T + Te","collection_no >= 10 | k = 1 | T + Te"
"per_cell_all_cells_OLS","all_cells_slope","collection10_k1_tropical_temperate_polar","collection",NA,10,1,"tropical_temperate_polar","Northern",87,66,20,20,0.229885057471264,"Per-cell all-cell OLS","collection_no >= 10","k = 1","T + Te + P","collection_no >= 10 | k = 1 | T + Te + P"
"per_cell_all_cells_OLS","all_cells_slope","collection10_k1_tropical_temperate_polar","collection",NA,10,1,"tropical_temperate_polar","Southern",87,69,17,17,0.195402298850575,"Per-cell all-cell OLS","collection_no >= 10","k = 1","T + Te + P","collection_no >= 10 | k = 1 | T + Te + P"
"per_cell_all_cells_OLS","all_cells_slope","collection10_k2_tropical_temperate","collection",NA,10,2,"tropical_temperate","Northern",87,66,24,24,0.275862068965517,"Per-cell all-cell OLS","collection_no >= 10","k = 2","T + Te","collection_no >= 10 | k = 2 | T + Te"
"per_cell_all_cells_OLS","all_cells_slope","collection10_k2_tropical_temperate","collection",NA,10,2,"tropical_temperate","Southern",87,69,15,15,0.172413793103448,"Per-cell all-cell OLS","collection_no >= 10","k = 2","T + Te","collection_no >= 10 | k = 2 | T + Te"
"per_cell_all_cells_OLS","all_cells_slope","collection10_k2_tropical_temperate_polar","collection",NA,10,2,"tropical_temperate_polar","Northern",87,66,5,5,0.0574712643678161,"Per-cell all-cell OLS","collection_no >= 10","k = 2","T + Te + P","collection_no >= 10 | k = 2 | T + Te + P"
"per_cell_all_cells_OLS","all_cells_slope","collection10_k2_tropical_temperate_polar","collection",NA,10,2,"tropical_temperate_polar","Southern",87,69,7,7,0.0804597701149425,"Per-cell all-cell OLS","collection_no >= 10","k = 2","T + Te + P","collection_no >= 10 | k = 2 | T + Te + P"
"per_cell_all_cells_OLS","all_cells_slope","collection10_k3_tropical_temperate","collection",NA,10,3,"tropical_temperate","Northern",87,66,9,9,0.103448275862069,"Per-cell all-cell OLS","collection_no >= 10","k = 3","T + Te","collection_no >= 10 | k = 3 | T + Te"
"per_cell_all_cells_OLS","all_cells_slope","collection10_k3_tropical_temperate","collection",NA,10,3,"tropical_temperate","Southern",87,69,10,10,0.114942528735632,"Per-cell all-cell OLS","collection_no >= 10","k = 3","T + Te","collection_no >= 10 | k = 3 | T + Te"
"per_cell_all_cells_OLS","all_cells_slope","collection10_k3_tropical_temperate_polar","collection",NA,10,3,"tropical_temperate_polar","Northern",87,66,2,2,0.0229885057471264,"Per-cell all-cell OLS","collection_no >= 10","k = 3","T + Te + P","collection_no >= 10 | k = 3 | T + Te + P"
"per_cell_all_cells_OLS","all_cells_slope","collection10_k3_tropical_temperate_polar","collection",NA,10,3,"tropical_temperate_polar","Southern",87,69,2,2,0.0229885057471264,"Per-cell all-cell OLS","collection_no >= 10","k = 3","T + Te + P","collection_no >= 10 | k = 3 | T + Te + P"
"per_cell_all_cells_OLS","all_cells_slope","collection5_k1_tropical_temperate","collection",NA,5,1,"tropical_temperate","Northern",87,76,58,58,0.666666666666667,"Per-cell all-cell OLS","collection_no >= 5","k = 1","T + Te","collection_no >= 5 | k = 1 | T + Te"
"per_cell_all_cells_OLS","all_cells_slope","collection5_k1_tropical_temperate","collection",NA,5,1,"tropical_temperate","Southern",87,78,50,50,0.574712643678161,"Per-cell all-cell OLS","collection_no >= 5","k = 1","T + Te","collection_no >= 5 | k = 1 | T + Te"
"per_cell_all_cells_OLS","all_cells_slope","collection5_k1_tropical_temperate_polar","collection",NA,5,1,"tropical_temperate_polar","Northern",87,76,31,31,0.35632183908046,"Per-cell all-cell OLS","collection_no >= 5","k = 1","T + Te + P","collection_no >= 5 | k = 1 | T + Te + P"
"per_cell_all_cells_OLS","all_cells_slope","collection5_k1_tropical_temperate_polar","collection",NA,5,1,"tropical_temperate_polar","Southern",87,78,27,27,0.310344827586207,"Per-cell all-cell OLS","collection_no >= 5","k = 1","T + Te + P","collection_no >= 5 | k = 1 | T + Te + P"
"per_cell_all_cells_OLS","all_cells_slope","collection5_k2_tropical_temperate","collection",NA,5,2,"tropical_temperate","Northern",87,76,33,33,0.379310344827586,"Per-cell all-cell OLS","collection_no >= 5","k = 2","T + Te","collection_no >= 5 | k = 2 | T + Te"
"per_cell_all_cells_OLS","all_cells_slope","collection5_k2_tropical_temperate","collection",NA,5,2,"tropical_temperate","Southern",87,78,23,23,0.264367816091954,"Per-cell all-cell OLS","collection_no >= 5","k = 2","T + Te","collection_no >= 5 | k = 2 | T + Te"
"per_cell_all_cells_OLS","all_cells_slope","collection5_k2_tropical_temperate_polar","collection",NA,5,2,"tropical_temperate_polar","Northern",87,76,19,19,0.218390804597701,"Per-cell all-cell OLS","collection_no >= 5","k = 2","T + Te + P","collection_no >= 5 | k = 2 | T + Te + P"
"per_cell_all_cells_OLS","all_cells_slope","collection5_k2_tropical_temperate_polar","collection",NA,5,2,"tropical_temperate_polar","Southern",87,78,11,11,0.126436781609195,"Per-cell all-cell OLS","collection_no >= 5","k = 2","T + Te + P","collection_no >= 5 | k = 2 | T + Te + P"
"per_cell_all_cells_OLS","all_cells_slope","collection5_k3_tropical_temperate","collection",NA,5,3,"tropical_temperate","Northern",87,76,19,19,0.218390804597701,"Per-cell all-cell OLS","collection_no >= 5","k = 3","T + Te","collection_no >= 5 | k = 3 | T + Te"
"per_cell_all_cells_OLS","all_cells_slope","collection5_k3_tropical_temperate","collection",NA,5,3,"tropical_temperate","Southern",87,78,13,13,0.149425287356322,"Per-cell all-cell OLS","collection_no >= 5","k = 3","T + Te","collection_no >= 5 | k = 3 | T + Te"
"per_cell_all_cells_OLS","all_cells_slope","collection5_k3_tropical_temperate_polar","collection",NA,5,3,"tropical_temperate_polar","Northern",87,76,5,5,0.0574712643678161,"Per-cell all-cell OLS","collection_no >= 5","k = 3","T + Te + P","collection_no >= 5 | k = 3 | T + Te + P"
"per_cell_all_cells_OLS","all_cells_slope","collection5_k3_tropical_temperate_polar","collection",NA,5,3,"tropical_temperate_polar","Southern",87,78,8,8,0.0919540229885057,"Per-cell all-cell OLS","collection_no >= 5","k = 3","T + Te + P","collection_no >= 5 | k = 3 | T + Te + P"
"per_cell_all_cells_OLS","all_cells_slope","occurrence10_k1_tropical_temperate","occurrence",10,NA,1,"tropical_temperate","Northern",87,78,60,60,0.689655172413793,"Per-cell all-cell OLS","occurrence >= 10","k = 1","T + Te","occurrence >= 10 | k = 1 | T + Te"
"per_cell_all_cells_OLS","all_cells_slope","occurrence10_k1_tropical_temperate","occurrence",10,NA,1,"tropical_temperate","Southern",87,80,57,57,0.655172413793103,"Per-cell all-cell OLS","occurrence >= 10","k = 1","T + Te","occurrence >= 10 | k = 1 | T + Te"
"per_cell_all_cells_OLS","all_cells_slope","occurrence10_k1_tropical_temperate_polar","occurrence",10,NA,1,"tropical_temperate_polar","Northern",87,78,30,30,0.344827586206897,"Per-cell all-cell OLS","occurrence >= 10","k = 1","T + Te + P","occurrence >= 10 | k = 1 | T + Te + P"
"per_cell_all_cells_OLS","all_cells_slope","occurrence10_k1_tropical_temperate_polar","occurrence",10,NA,1,"tropical_temperate_polar","Southern",87,80,29,29,0.333333333333333,"Per-cell all-cell OLS","occurrence >= 10","k = 1","T + Te + P","occurrence >= 10 | k = 1 | T + Te + P"
"per_cell_all_cells_OLS","all_cells_slope","occurrence10_k2_tropical_temperate","occurrence",10,NA,2,"tropical_temperate","Northern",87,78,35,35,0.402298850574713,"Per-cell all-cell OLS","occurrence >= 10","k = 2","T + Te","occurrence >= 10 | k = 2 | T + Te"
"per_cell_all_cells_OLS","all_cells_slope","occurrence10_k2_tropical_temperate","occurrence",10,NA,2,"tropical_temperate","Southern",87,80,28,28,0.32183908045977,"Per-cell all-cell OLS","occurrence >= 10","k = 2","T + Te","occurrence >= 10 | k = 2 | T + Te"
"per_cell_all_cells_OLS","all_cells_slope","occurrence10_k2_tropical_temperate_polar","occurrence",10,NA,2,"tropical_temperate_polar","Northern",87,78,11,11,0.126436781609195,"Per-cell all-cell OLS","occurrence >= 10","k = 2","T + Te + P","occurrence >= 10 | k = 2 | T + Te + P"
"per_cell_all_cells_OLS","all_cells_slope","occurrence10_k2_tropical_temperate_polar","occurrence",10,NA,2,"tropical_temperate_polar","Southern",87,80,12,12,0.137931034482759,"Per-cell all-cell OLS","occurrence >= 10","k = 2","T + Te + P","occurrence >= 10 | k = 2 | T + Te + P"
"per_cell_all_cells_OLS","all_cells_slope","occurrence10_k3_tropical_temperate","occurrence",10,NA,3,"tropical_temperate","Northern",87,78,19,19,0.218390804597701,"Per-cell all-cell OLS","occurrence >= 10","k = 3","T + Te","occurrence >= 10 | k = 3 | T + Te"
"per_cell_all_cells_OLS","all_cells_slope","occurrence10_k3_tropical_temperate","occurrence",10,NA,3,"tropical_temperate","Southern",87,80,15,15,0.172413793103448,"Per-cell all-cell OLS","occurrence >= 10","k = 3","T + Te","occurrence >= 10 | k = 3 | T + Te"
"per_cell_all_cells_OLS","all_cells_slope","occurrence10_k3_tropical_temperate_polar","occurrence",10,NA,3,"tropical_temperate_polar","Northern",87,78,3,3,0.0344827586206897,"Per-cell all-cell OLS","occurrence >= 10","k = 3","T + Te + P","occurrence >= 10 | k = 3 | T + Te + P"
"per_cell_all_cells_OLS","all_cells_slope","occurrence10_k3_tropical_temperate_polar","occurrence",10,NA,3,"tropical_temperate_polar","Southern",87,80,8,8,0.0919540229885057,"Per-cell all-cell OLS","occurrence >= 10","k = 3","T + Te + P","occurrence >= 10 | k = 3 | T + Te + P"
"per_cell_all_cells_OLS","all_cells_slope","occurrence5_k1_tropical_temperate","occurrence",5,NA,1,"tropical_temperate","Northern",87,81,64,64,0.735632183908046,"Per-cell all-cell OLS","occurrence >= 5","k = 1","T + Te","occurrence >= 5 | k = 1 | T + Te"
"per_cell_all_cells_OLS","all_cells_slope","occurrence5_k1_tropical_temperate","occurrence",5,NA,1,"tropical_temperate","Southern",87,81,59,59,0.67816091954023,"Per-cell all-cell OLS","occurrence >= 5","k = 1","T + Te","occurrence >= 5 | k = 1 | T + Te"
"per_cell_all_cells_OLS","all_cells_slope","occurrence5_k1_tropical_temperate_polar","occurrence",5,NA,1,"tropical_temperate_polar","Northern",87,81,34,34,0.390804597701149,"Per-cell all-cell OLS","occurrence >= 5","k = 1","T + Te + P","occurrence >= 5 | k = 1 | T + Te + P"
"per_cell_all_cells_OLS","all_cells_slope","occurrence5_k1_tropical_temperate_polar","occurrence",5,NA,1,"tropical_temperate_polar","Southern",87,81,32,32,0.367816091954023,"Per-cell all-cell OLS","occurrence >= 5","k = 1","T + Te + P","occurrence >= 5 | k = 1 | T + Te + P"
"per_cell_all_cells_OLS","all_cells_slope","occurrence5_k2_tropical_temperate","occurrence",5,NA,2,"tropical_temperate","Northern",87,81,41,41,0.471264367816092,"Per-cell all-cell OLS","occurrence >= 5","k = 2","T + Te","occurrence >= 5 | k = 2 | T + Te"
"per_cell_all_cells_OLS","all_cells_slope","occurrence5_k2_tropical_temperate","occurrence",5,NA,2,"tropical_temperate","Southern",87,81,33,33,0.379310344827586,"Per-cell all-cell OLS","occurrence >= 5","k = 2","T + Te","occurrence >= 5 | k = 2 | T + Te"
"per_cell_all_cells_OLS","all_cells_slope","occurrence5_k2_tropical_temperate_polar","occurrence",5,NA,2,"tropical_temperate_polar","Northern",87,81,20,20,0.229885057471264,"Per-cell all-cell OLS","occurrence >= 5","k = 2","T + Te + P","occurrence >= 5 | k = 2 | T + Te + P"
"per_cell_all_cells_OLS","all_cells_slope","occurrence5_k2_tropical_temperate_polar","occurrence",5,NA,2,"tropical_temperate_polar","Southern",87,81,14,14,0.160919540229885,"Per-cell all-cell OLS","occurrence >= 5","k = 2","T + Te + P","occurrence >= 5 | k = 2 | T + Te + P"
"per_cell_all_cells_OLS","all_cells_slope","occurrence5_k3_tropical_temperate","occurrence",5,NA,3,"tropical_temperate","Northern",87,81,21,21,0.241379310344828,"Per-cell all-cell OLS","occurrence >= 5","k = 3","T + Te","occurrence >= 5 | k = 3 | T + Te"
"per_cell_all_cells_OLS","all_cells_slope","occurrence5_k3_tropical_temperate","occurrence",5,NA,3,"tropical_temperate","Southern",87,81,19,19,0.218390804597701,"Per-cell all-cell OLS","occurrence >= 5","k = 3","T + Te","occurrence >= 5 | k = 3 | T + Te"
"per_cell_all_cells_OLS","all_cells_slope","occurrence5_k3_tropical_temperate_polar","occurrence",5,NA,3,"tropical_temperate_polar","Northern",87,81,6,6,0.0689655172413793,"Per-cell all-cell OLS","occurrence >= 5","k = 3","T + Te + P","occurrence >= 5 | k = 3 | T + Te + P"
"per_cell_all_cells_OLS","all_cells_slope","occurrence5_k3_tropical_temperate_polar","occurrence",5,NA,3,"tropical_temperate_polar","Southern",87,81,11,11,0.126436781609195,"Per-cell all-cell OLS","occurrence >= 5","k = 3","T + Te + P","occurrence >= 5 | k = 3 | T + Te + P"
"per_cell_balanced_resampling_OLS","median_resampled_slope","collection10_k1_tropical_temperate","collection",NA,10,1,"tropical_temperate","Northern",87,61,46,46,0.528735632183908,"Per-cell balanced resampling OLS","collection_no >= 10","k = 1","T + Te","collection_no >= 10 | k = 1 | T + Te"
"per_cell_balanced_resampling_OLS","median_resampled_slope","collection10_k1_tropical_temperate","collection",NA,10,1,"tropical_temperate","Southern",87,58,37,37,0.425287356321839,"Per-cell balanced resampling OLS","collection_no >= 10","k = 1","T + Te","collection_no >= 10 | k = 1 | T + Te"
"per_cell_balanced_resampling_OLS","median_resampled_slope","collection10_k1_tropical_temperate_polar","collection",NA,10,1,"tropical_temperate_polar","Northern",87,61,20,20,0.229885057471264,"Per-cell balanced resampling OLS","collection_no >= 10","k = 1","T + Te + P","collection_no >= 10 | k = 1 | T + Te + P"
"per_cell_balanced_resampling_OLS","median_resampled_slope","collection10_k1_tropical_temperate_polar","collection",NA,10,1,"tropical_temperate_polar","Southern",87,58,17,17,0.195402298850575,"Per-cell balanced resampling OLS","collection_no >= 10","k = 1","T + Te + P","collection_no >= 10 | k = 1 | T + Te + P"
"per_cell_balanced_resampling_OLS","median_resampled_slope","collection10_k2_tropical_temperate","collection",NA,10,2,"tropical_temperate","Northern",87,61,24,24,0.275862068965517,"Per-cell balanced resampling OLS","collection_no >= 10","k = 2","T + Te","collection_no >= 10 | k = 2 | T + Te"
"per_cell_balanced_resampling_OLS","median_resampled_slope","collection10_k2_tropical_temperate","collection",NA,10,2,"tropical_temperate","Southern",87,58,15,15,0.172413793103448,"Per-cell balanced resampling OLS","collection_no >= 10","k = 2","T + Te","collection_no >= 10 | k = 2 | T + Te"
"per_cell_balanced_resampling_OLS","median_resampled_slope","collection10_k2_tropical_temperate_polar","collection",NA,10,2,"tropical_temperate_polar","Northern",87,61,5,5,0.0574712643678161,"Per-cell balanced resampling OLS","collection_no >= 10","k = 2","T + Te + P","collection_no >= 10 | k = 2 | T + Te + P"
"per_cell_balanced_resampling_OLS","median_resampled_slope","collection10_k2_tropical_temperate_polar","collection",NA,10,2,"tropical_temperate_polar","Southern",87,58,7,7,0.0804597701149425,"Per-cell balanced resampling OLS","collection_no >= 10","k = 2","T + Te + P","collection_no >= 10 | k = 2 | T + Te + P"
"per_cell_balanced_resampling_OLS","median_resampled_slope","collection10_k3_tropical_temperate","collection",NA,10,3,"tropical_temperate","Northern",87,61,9,9,0.103448275862069,"Per-cell balanced resampling OLS","collection_no >= 10","k = 3","T + Te","collection_no >= 10 | k = 3 | T + Te"
"per_cell_balanced_resampling_OLS","median_resampled_slope","collection10_k3_tropical_temperate","collection",NA,10,3,"tropical_temperate","Southern",87,58,10,10,0.114942528735632,"Per-cell balanced resampling OLS","collection_no >= 10","k = 3","T + Te","collection_no >= 10 | k = 3 | T + Te"
"per_cell_balanced_resampling_OLS","median_resampled_slope","collection10_k3_tropical_temperate_polar","collection",NA,10,3,"tropical_temperate_polar","Northern",87,61,2,2,0.0229885057471264,"Per-cell balanced resampling OLS","collection_no >= 10","k = 3","T + Te + P","collection_no >= 10 | k = 3 | T + Te + P"
"per_cell_balanced_resampling_OLS","median_resampled_slope","collection10_k3_tropical_temperate_polar","collection",NA,10,3,"tropical_temperate_polar","Southern",87,58,2,2,0.0229885057471264,"Per-cell balanced resampling OLS","collection_no >= 10","k = 3","T + Te + P","collection_no >= 10 | k = 3 | T + Te + P"
"per_cell_balanced_resampling_OLS","median_resampled_slope","collection5_k1_tropical_temperate","collection",NA,5,1,"tropical_temperate","Northern",87,70,58,58,0.666666666666667,"Per-cell balanced resampling OLS","collection_no >= 5","k = 1","T + Te","collection_no >= 5 | k = 1 | T + Te"
"per_cell_balanced_resampling_OLS","median_resampled_slope","collection5_k1_tropical_temperate","collection",NA,5,1,"tropical_temperate","Southern",87,71,50,50,0.574712643678161,"Per-cell balanced resampling OLS","collection_no >= 5","k = 1","T + Te","collection_no >= 5 | k = 1 | T + Te"
"per_cell_balanced_resampling_OLS","median_resampled_slope","collection5_k1_tropical_temperate_polar","collection",NA,5,1,"tropical_temperate_polar","Northern",87,70,31,31,0.35632183908046,"Per-cell balanced resampling OLS","collection_no >= 5","k = 1","T + Te + P","collection_no >= 5 | k = 1 | T + Te + P"
"per_cell_balanced_resampling_OLS","median_resampled_slope","collection5_k1_tropical_temperate_polar","collection",NA,5,1,"tropical_temperate_polar","Southern",87,71,27,27,0.310344827586207,"Per-cell balanced resampling OLS","collection_no >= 5","k = 1","T + Te + P","collection_no >= 5 | k = 1 | T + Te + P"
"per_cell_balanced_resampling_OLS","median_resampled_slope","collection5_k2_tropical_temperate","collection",NA,5,2,"tropical_temperate","Northern",87,70,33,33,0.379310344827586,"Per-cell balanced resampling OLS","collection_no >= 5","k = 2","T + Te","collection_no >= 5 | k = 2 | T + Te"
"per_cell_balanced_resampling_OLS","median_resampled_slope","collection5_k2_tropical_temperate","collection",NA,5,2,"tropical_temperate","Southern",87,71,23,23,0.264367816091954,"Per-cell balanced resampling OLS","collection_no >= 5","k = 2","T + Te","collection_no >= 5 | k = 2 | T + Te"
"per_cell_balanced_resampling_OLS","median_resampled_slope","collection5_k2_tropical_temperate_polar","collection",NA,5,2,"tropical_temperate_polar","Northern",87,70,19,19,0.218390804597701,"Per-cell balanced resampling OLS","collection_no >= 5","k = 2","T + Te + P","collection_no >= 5 | k = 2 | T + Te + P"
"per_cell_balanced_resampling_OLS","median_resampled_slope","collection5_k2_tropical_temperate_polar","collection",NA,5,2,"tropical_temperate_polar","Southern",87,71,11,11,0.126436781609195,"Per-cell balanced resampling OLS","collection_no >= 5","k = 2","T + Te + P","collection_no >= 5 | k = 2 | T + Te + P"
"per_cell_balanced_resampling_OLS","median_resampled_slope","collection5_k3_tropical_temperate","collection",NA,5,3,"tropical_temperate","Northern",87,70,19,19,0.218390804597701,"Per-cell balanced resampling OLS","collection_no >= 5","k = 3","T + Te","collection_no >= 5 | k = 3 | T + Te"
"per_cell_balanced_resampling_OLS","median_resampled_slope","collection5_k3_tropical_temperate","collection",NA,5,3,"tropical_temperate","Southern",87,71,13,13,0.149425287356322,"Per-cell balanced resampling OLS","collection_no >= 5","k = 3","T + Te","collection_no >= 5 | k = 3 | T + Te"
"per_cell_balanced_resampling_OLS","median_resampled_slope","collection5_k3_tropical_temperate_polar","collection",NA,5,3,"tropical_temperate_polar","Northern",87,70,5,5,0.0574712643678161,"Per-cell balanced resampling OLS","collection_no >= 5","k = 3","T + Te + P","collection_no >= 5 | k = 3 | T + Te + P"
"per_cell_balanced_resampling_OLS","median_resampled_slope","collection5_k3_tropical_temperate_polar","collection",NA,5,3,"tropical_temperate_polar","Southern",87,71,8,8,0.0919540229885057,"Per-cell balanced resampling OLS","collection_no >= 5","k = 3","T + Te + P","collection_no >= 5 | k = 3 | T + Te + P"
"per_cell_balanced_resampling_OLS","median_resampled_slope","occurrence10_k1_tropical_temperate","occurrence",10,NA,1,"tropical_temperate","Northern",87,76,60,60,0.689655172413793,"Per-cell balanced resampling OLS","occurrence >= 10","k = 1","T + Te","occurrence >= 10 | k = 1 | T + Te"
"per_cell_balanced_resampling_OLS","median_resampled_slope","occurrence10_k1_tropical_temperate","occurrence",10,NA,1,"tropical_temperate","Southern",87,73,57,57,0.655172413793103,"Per-cell balanced resampling OLS","occurrence >= 10","k = 1","T + Te","occurrence >= 10 | k = 1 | T + Te"
"per_cell_balanced_resampling_OLS","median_resampled_slope","occurrence10_k1_tropical_temperate_polar","occurrence",10,NA,1,"tropical_temperate_polar","Northern",87,76,30,30,0.344827586206897,"Per-cell balanced resampling OLS","occurrence >= 10","k = 1","T + Te + P","occurrence >= 10 | k = 1 | T + Te + P"
"per_cell_balanced_resampling_OLS","median_resampled_slope","occurrence10_k1_tropical_temperate_polar","occurrence",10,NA,1,"tropical_temperate_polar","Southern",87,73,29,29,0.333333333333333,"Per-cell balanced resampling OLS","occurrence >= 10","k = 1","T + Te + P","occurrence >= 10 | k = 1 | T + Te + P"
"per_cell_balanced_resampling_OLS","median_resampled_slope","occurrence10_k2_tropical_temperate","occurrence",10,NA,2,"tropical_temperate","Northern",87,76,35,35,0.402298850574713,"Per-cell balanced resampling OLS","occurrence >= 10","k = 2","T + Te","occurrence >= 10 | k = 2 | T + Te"
"per_cell_balanced_resampling_OLS","median_resampled_slope","occurrence10_k2_tropical_temperate","occurrence",10,NA,2,"tropical_temperate","Southern",87,73,28,28,0.32183908045977,"Per-cell balanced resampling OLS","occurrence >= 10","k = 2","T + Te","occurrence >= 10 | k = 2 | T + Te"
"per_cell_balanced_resampling_OLS","median_resampled_slope","occurrence10_k2_tropical_temperate_polar","occurrence",10,NA,2,"tropical_temperate_polar","Northern",87,76,11,11,0.126436781609195,"Per-cell balanced resampling OLS","occurrence >= 10","k = 2","T + Te + P","occurrence >= 10 | k = 2 | T + Te + P"
"per_cell_balanced_resampling_OLS","median_resampled_slope","occurrence10_k2_tropical_temperate_polar","occurrence",10,NA,2,"tropical_temperate_polar","Southern",87,73,12,12,0.137931034482759,"Per-cell balanced resampling OLS","occurrence >= 10","k = 2","T + Te + P","occurrence >= 10 | k = 2 | T + Te + P"
"per_cell_balanced_resampling_OLS","median_resampled_slope","occurrence10_k3_tropical_temperate","occurrence",10,NA,3,"tropical_temperate","Northern",87,76,19,19,0.218390804597701,"Per-cell balanced resampling OLS","occurrence >= 10","k = 3","T + Te","occurrence >= 10 | k = 3 | T + Te"
"per_cell_balanced_resampling_OLS","median_resampled_slope","occurrence10_k3_tropical_temperate","occurrence",10,NA,3,"tropical_temperate","Southern",87,73,15,15,0.172413793103448,"Per-cell balanced resampling OLS","occurrence >= 10","k = 3","T + Te","occurrence >= 10 | k = 3 | T + Te"
"per_cell_balanced_resampling_OLS","median_resampled_slope","occurrence10_k3_tropical_temperate_polar","occurrence",10,NA,3,"tropical_temperate_polar","Northern",87,76,3,3,0.0344827586206897,"Per-cell balanced resampling OLS","occurrence >= 10","k = 3","T + Te + P","occurrence >= 10 | k = 3 | T + Te + P"
"per_cell_balanced_resampling_OLS","median_resampled_slope","occurrence10_k3_tropical_temperate_polar","occurrence",10,NA,3,"tropical_temperate_polar","Southern",87,73,8,8,0.0919540229885057,"Per-cell balanced resampling OLS","occurrence >= 10","k = 3","T + Te + P","occurrence >= 10 | k = 3 | T + Te + P"
"per_cell_balanced_resampling_OLS","median_resampled_slope","occurrence5_k1_tropical_temperate","occurrence",5,NA,1,"tropical_temperate","Northern",87,76,64,64,0.735632183908046,"Per-cell balanced resampling OLS","occurrence >= 5","k = 1","T + Te","occurrence >= 5 | k = 1 | T + Te"
"per_cell_balanced_resampling_OLS","median_resampled_slope","occurrence5_k1_tropical_temperate","occurrence",5,NA,1,"tropical_temperate","Southern",87,77,59,59,0.67816091954023,"Per-cell balanced resampling OLS","occurrence >= 5","k = 1","T + Te","occurrence >= 5 | k = 1 | T + Te"
"per_cell_balanced_resampling_OLS","median_resampled_slope","occurrence5_k1_tropical_temperate_polar","occurrence",5,NA,1,"tropical_temperate_polar","Northern",87,76,34,34,0.390804597701149,"Per-cell balanced resampling OLS","occurrence >= 5","k = 1","T + Te + P","occurrence >= 5 | k = 1 | T + Te + P"
"per_cell_balanced_resampling_OLS","median_resampled_slope","occurrence5_k1_tropical_temperate_polar","occurrence",5,NA,1,"tropical_temperate_polar","Southern",87,77,32,32,0.367816091954023,"Per-cell balanced resampling OLS","occurrence >= 5","k = 1","T + Te + P","occurrence >= 5 | k = 1 | T + Te + P"
"per_cell_balanced_resampling_OLS","median_resampled_slope","occurrence5_k2_tropical_temperate","occurrence",5,NA,2,"tropical_temperate","Northern",87,76,41,41,0.471264367816092,"Per-cell balanced resampling OLS","occurrence >= 5","k = 2","T + Te","occurrence >= 5 | k = 2 | T + Te"
"per_cell_balanced_resampling_OLS","median_resampled_slope","occurrence5_k2_tropical_temperate","occurrence",5,NA,2,"tropical_temperate","Southern",87,77,33,33,0.379310344827586,"Per-cell balanced resampling OLS","occurrence >= 5","k = 2","T + Te","occurrence >= 5 | k = 2 | T + Te"
"per_cell_balanced_resampling_OLS","median_resampled_slope","occurrence5_k2_tropical_temperate_polar","occurrence",5,NA,2,"tropical_temperate_polar","Northern",87,76,20,20,0.229885057471264,"Per-cell balanced resampling OLS","occurrence >= 5","k = 2","T + Te + P","occurrence >= 5 | k = 2 | T + Te + P"
"per_cell_balanced_resampling_OLS","median_resampled_slope","occurrence5_k2_tropical_temperate_polar","occurrence",5,NA,2,"tropical_temperate_polar","Southern",87,77,14,14,0.160919540229885,"Per-cell balanced resampling OLS","occurrence >= 5","k = 2","T + Te + P","occurrence >= 5 | k = 2 | T + Te + P"
"per_cell_balanced_resampling_OLS","median_resampled_slope","occurrence5_k3_tropical_temperate","occurrence",5,NA,3,"tropical_temperate","Northern",87,76,21,21,0.241379310344828,"Per-cell balanced resampling OLS","occurrence >= 5","k = 3","T + Te","occurrence >= 5 | k = 3 | T + Te"
"per_cell_balanced_resampling_OLS","median_resampled_slope","occurrence5_k3_tropical_temperate","occurrence",5,NA,3,"tropical_temperate","Southern",87,77,19,19,0.218390804597701,"Per-cell balanced resampling OLS","occurrence >= 5","k = 3","T + Te","occurrence >= 5 | k = 3 | T + Te"
"per_cell_balanced_resampling_OLS","median_resampled_slope","occurrence5_k3_tropical_temperate_polar","occurrence",5,NA,3,"tropical_temperate_polar","Northern",87,76,6,6,0.0689655172413793,"Per-cell balanced resampling OLS","occurrence >= 5","k = 3","T + Te + P","occurrence >= 5 | k = 3 | T + Te + P"
"per_cell_balanced_resampling_OLS","median_resampled_slope","occurrence5_k3_tropical_temperate_polar","occurrence",5,NA,3,"tropical_temperate_polar","Southern",87,77,11,11,0.126436781609195,"Per-cell balanced resampling OLS","occurrence >= 5","k = 3","T + Te + P","occurrence >= 5 | k = 3 | T + Te + P"
"percentile_latbin_OLS","q75","collection10_k1_tropical_temperate","collection",NA,10,1,"tropical_temperate","Northern",87,68,46,46,0.528735632183908,"Percentile lat-bin OLS: q75","collection_no >= 10","k = 1","T + Te","collection_no >= 10 | k = 1 | T + Te"
"percentile_latbin_OLS","q75","collection10_k1_tropical_temperate","collection",NA,10,1,"tropical_temperate","Southern",87,69,37,37,0.425287356321839,"Percentile lat-bin OLS: q75","collection_no >= 10","k = 1","T + Te","collection_no >= 10 | k = 1 | T + Te"
"percentile_latbin_OLS","q75","collection10_k1_tropical_temperate_polar","collection",NA,10,1,"tropical_temperate_polar","Northern",87,68,20,20,0.229885057471264,"Percentile lat-bin OLS: q75","collection_no >= 10","k = 1","T + Te + P","collection_no >= 10 | k = 1 | T + Te + P"
"percentile_latbin_OLS","q75","collection10_k1_tropical_temperate_polar","collection",NA,10,1,"tropical_temperate_polar","Southern",87,69,17,17,0.195402298850575,"Percentile lat-bin OLS: q75","collection_no >= 10","k = 1","T + Te + P","collection_no >= 10 | k = 1 | T + Te + P"
"percentile_latbin_OLS","q75","collection10_k2_tropical_temperate","collection",NA,10,2,"tropical_temperate","Northern",87,68,24,24,0.275862068965517,"Percentile lat-bin OLS: q75","collection_no >= 10","k = 2","T + Te","collection_no >= 10 | k = 2 | T + Te"
"percentile_latbin_OLS","q75","collection10_k2_tropical_temperate","collection",NA,10,2,"tropical_temperate","Southern",87,69,15,15,0.172413793103448,"Percentile lat-bin OLS: q75","collection_no >= 10","k = 2","T + Te","collection_no >= 10 | k = 2 | T + Te"
"percentile_latbin_OLS","q75","collection10_k2_tropical_temperate_polar","collection",NA,10,2,"tropical_temperate_polar","Northern",87,68,5,5,0.0574712643678161,"Percentile lat-bin OLS: q75","collection_no >= 10","k = 2","T + Te + P","collection_no >= 10 | k = 2 | T + Te + P"
"percentile_latbin_OLS","q75","collection10_k2_tropical_temperate_polar","collection",NA,10,2,"tropical_temperate_polar","Southern",87,69,7,7,0.0804597701149425,"Percentile lat-bin OLS: q75","collection_no >= 10","k = 2","T + Te + P","collection_no >= 10 | k = 2 | T + Te + P"
"percentile_latbin_OLS","q75","collection10_k3_tropical_temperate","collection",NA,10,3,"tropical_temperate","Northern",87,68,9,9,0.103448275862069,"Percentile lat-bin OLS: q75","collection_no >= 10","k = 3","T + Te","collection_no >= 10 | k = 3 | T + Te"
"percentile_latbin_OLS","q75","collection10_k3_tropical_temperate","collection",NA,10,3,"tropical_temperate","Southern",87,69,10,10,0.114942528735632,"Percentile lat-bin OLS: q75","collection_no >= 10","k = 3","T + Te","collection_no >= 10 | k = 3 | T + Te"
"percentile_latbin_OLS","q75","collection10_k3_tropical_temperate_polar","collection",NA,10,3,"tropical_temperate_polar","Northern",87,68,2,2,0.0229885057471264,"Percentile lat-bin OLS: q75","collection_no >= 10","k = 3","T + Te + P","collection_no >= 10 | k = 3 | T + Te + P"
"percentile_latbin_OLS","q75","collection10_k3_tropical_temperate_polar","collection",NA,10,3,"tropical_temperate_polar","Southern",87,69,2,2,0.0229885057471264,"Percentile lat-bin OLS: q75","collection_no >= 10","k = 3","T + Te + P","collection_no >= 10 | k = 3 | T + Te + P"
"percentile_latbin_OLS","q75","collection5_k1_tropical_temperate","collection",NA,5,1,"tropical_temperate","Northern",87,79,58,58,0.666666666666667,"Percentile lat-bin OLS: q75","collection_no >= 5","k = 1","T + Te","collection_no >= 5 | k = 1 | T + Te"
"percentile_latbin_OLS","q75","collection5_k1_tropical_temperate","collection",NA,5,1,"tropical_temperate","Southern",87,77,50,50,0.574712643678161,"Percentile lat-bin OLS: q75","collection_no >= 5","k = 1","T + Te","collection_no >= 5 | k = 1 | T + Te"
"percentile_latbin_OLS","q75","collection5_k1_tropical_temperate_polar","collection",NA,5,1,"tropical_temperate_polar","Northern",87,79,31,31,0.35632183908046,"Percentile lat-bin OLS: q75","collection_no >= 5","k = 1","T + Te + P","collection_no >= 5 | k = 1 | T + Te + P"
"percentile_latbin_OLS","q75","collection5_k1_tropical_temperate_polar","collection",NA,5,1,"tropical_temperate_polar","Southern",87,77,27,27,0.310344827586207,"Percentile lat-bin OLS: q75","collection_no >= 5","k = 1","T + Te + P","collection_no >= 5 | k = 1 | T + Te + P"
"percentile_latbin_OLS","q75","collection5_k2_tropical_temperate","collection",NA,5,2,"tropical_temperate","Northern",87,79,33,33,0.379310344827586,"Percentile lat-bin OLS: q75","collection_no >= 5","k = 2","T + Te","collection_no >= 5 | k = 2 | T + Te"
"percentile_latbin_OLS","q75","collection5_k2_tropical_temperate","collection",NA,5,2,"tropical_temperate","Southern",87,77,23,23,0.264367816091954,"Percentile lat-bin OLS: q75","collection_no >= 5","k = 2","T + Te","collection_no >= 5 | k = 2 | T + Te"
"percentile_latbin_OLS","q75","collection5_k2_tropical_temperate_polar","collection",NA,5,2,"tropical_temperate_polar","Northern",87,79,19,19,0.218390804597701,"Percentile lat-bin OLS: q75","collection_no >= 5","k = 2","T + Te + P","collection_no >= 5 | k = 2 | T + Te + P"
"percentile_latbin_OLS","q75","collection5_k2_tropical_temperate_polar","collection",NA,5,2,"tropical_temperate_polar","Southern",87,77,11,11,0.126436781609195,"Percentile lat-bin OLS: q75","collection_no >= 5","k = 2","T + Te + P","collection_no >= 5 | k = 2 | T + Te + P"
"percentile_latbin_OLS","q75","collection5_k3_tropical_temperate","collection",NA,5,3,"tropical_temperate","Northern",87,79,19,19,0.218390804597701,"Percentile lat-bin OLS: q75","collection_no >= 5","k = 3","T + Te","collection_no >= 5 | k = 3 | T + Te"
"percentile_latbin_OLS","q75","collection5_k3_tropical_temperate","collection",NA,5,3,"tropical_temperate","Southern",87,77,13,13,0.149425287356322,"Percentile lat-bin OLS: q75","collection_no >= 5","k = 3","T + Te","collection_no >= 5 | k = 3 | T + Te"
"percentile_latbin_OLS","q75","collection5_k3_tropical_temperate_polar","collection",NA,5,3,"tropical_temperate_polar","Northern",87,79,5,5,0.0574712643678161,"Percentile lat-bin OLS: q75","collection_no >= 5","k = 3","T + Te + P","collection_no >= 5 | k = 3 | T + Te + P"
"percentile_latbin_OLS","q75","collection5_k3_tropical_temperate_polar","collection",NA,5,3,"tropical_temperate_polar","Southern",87,77,8,8,0.0919540229885057,"Percentile lat-bin OLS: q75","collection_no >= 5","k = 3","T + Te + P","collection_no >= 5 | k = 3 | T + Te + P"
"percentile_latbin_OLS","q75","occurrence10_k1_tropical_temperate","occurrence",10,NA,1,"tropical_temperate","Northern",87,81,60,60,0.689655172413793,"Percentile lat-bin OLS: q75","occurrence >= 10","k = 1","T + Te","occurrence >= 10 | k = 1 | T + Te"
"percentile_latbin_OLS","q75","occurrence10_k1_tropical_temperate","occurrence",10,NA,1,"tropical_temperate","Southern",87,80,57,57,0.655172413793103,"Percentile lat-bin OLS: q75","occurrence >= 10","k = 1","T + Te","occurrence >= 10 | k = 1 | T + Te"
"percentile_latbin_OLS","q75","occurrence10_k1_tropical_temperate_polar","occurrence",10,NA,1,"tropical_temperate_polar","Northern",87,81,30,30,0.344827586206897,"Percentile lat-bin OLS: q75","occurrence >= 10","k = 1","T + Te + P","occurrence >= 10 | k = 1 | T + Te + P"
"percentile_latbin_OLS","q75","occurrence10_k1_tropical_temperate_polar","occurrence",10,NA,1,"tropical_temperate_polar","Southern",87,80,29,29,0.333333333333333,"Percentile lat-bin OLS: q75","occurrence >= 10","k = 1","T + Te + P","occurrence >= 10 | k = 1 | T + Te + P"
"percentile_latbin_OLS","q75","occurrence10_k2_tropical_temperate","occurrence",10,NA,2,"tropical_temperate","Northern",87,81,35,35,0.402298850574713,"Percentile lat-bin OLS: q75","occurrence >= 10","k = 2","T + Te","occurrence >= 10 | k = 2 | T + Te"
"percentile_latbin_OLS","q75","occurrence10_k2_tropical_temperate","occurrence",10,NA,2,"tropical_temperate","Southern",87,80,28,28,0.32183908045977,"Percentile lat-bin OLS: q75","occurrence >= 10","k = 2","T + Te","occurrence >= 10 | k = 2 | T + Te"
"percentile_latbin_OLS","q75","occurrence10_k2_tropical_temperate_polar","occurrence",10,NA,2,"tropical_temperate_polar","Northern",87,81,11,11,0.126436781609195,"Percentile lat-bin OLS: q75","occurrence >= 10","k = 2","T + Te + P","occurrence >= 10 | k = 2 | T + Te + P"
"percentile_latbin_OLS","q75","occurrence10_k2_tropical_temperate_polar","occurrence",10,NA,2,"tropical_temperate_polar","Southern",87,80,12,12,0.137931034482759,"Percentile lat-bin OLS: q75","occurrence >= 10","k = 2","T + Te + P","occurrence >= 10 | k = 2 | T + Te + P"
"percentile_latbin_OLS","q75","occurrence10_k3_tropical_temperate","occurrence",10,NA,3,"tropical_temperate","Northern",87,81,19,19,0.218390804597701,"Percentile lat-bin OLS: q75","occurrence >= 10","k = 3","T + Te","occurrence >= 10 | k = 3 | T + Te"
"percentile_latbin_OLS","q75","occurrence10_k3_tropical_temperate","occurrence",10,NA,3,"tropical_temperate","Southern",87,80,15,15,0.172413793103448,"Percentile lat-bin OLS: q75","occurrence >= 10","k = 3","T + Te","occurrence >= 10 | k = 3 | T + Te"
"percentile_latbin_OLS","q75","occurrence10_k3_tropical_temperate_polar","occurrence",10,NA,3,"tropical_temperate_polar","Northern",87,81,3,3,0.0344827586206897,"Percentile lat-bin OLS: q75","occurrence >= 10","k = 3","T + Te + P","occurrence >= 10 | k = 3 | T + Te + P"
"percentile_latbin_OLS","q75","occurrence10_k3_tropical_temperate_polar","occurrence",10,NA,3,"tropical_temperate_polar","Southern",87,80,8,8,0.0919540229885057,"Percentile lat-bin OLS: q75","occurrence >= 10","k = 3","T + Te + P","occurrence >= 10 | k = 3 | T + Te + P"
"percentile_latbin_OLS","q75","occurrence5_k1_tropical_temperate","occurrence",5,NA,1,"tropical_temperate","Northern",87,83,64,64,0.735632183908046,"Percentile lat-bin OLS: q75","occurrence >= 5","k = 1","T + Te","occurrence >= 5 | k = 1 | T + Te"
"percentile_latbin_OLS","q75","occurrence5_k1_tropical_temperate","occurrence",5,NA,1,"tropical_temperate","Southern",87,82,59,59,0.67816091954023,"Percentile lat-bin OLS: q75","occurrence >= 5","k = 1","T + Te","occurrence >= 5 | k = 1 | T + Te"
"percentile_latbin_OLS","q75","occurrence5_k1_tropical_temperate_polar","occurrence",5,NA,1,"tropical_temperate_polar","Northern",87,83,34,34,0.390804597701149,"Percentile lat-bin OLS: q75","occurrence >= 5","k = 1","T + Te + P","occurrence >= 5 | k = 1 | T + Te + P"
"percentile_latbin_OLS","q75","occurrence5_k1_tropical_temperate_polar","occurrence",5,NA,1,"tropical_temperate_polar","Southern",87,82,32,32,0.367816091954023,"Percentile lat-bin OLS: q75","occurrence >= 5","k = 1","T + Te + P","occurrence >= 5 | k = 1 | T + Te + P"
"percentile_latbin_OLS","q75","occurrence5_k2_tropical_temperate","occurrence",5,NA,2,"tropical_temperate","Northern",87,83,41,41,0.471264367816092,"Percentile lat-bin OLS: q75","occurrence >= 5","k = 2","T + Te","occurrence >= 5 | k = 2 | T + Te"
"percentile_latbin_OLS","q75","occurrence5_k2_tropical_temperate","occurrence",5,NA,2,"tropical_temperate","Southern",87,82,33,33,0.379310344827586,"Percentile lat-bin OLS: q75","occurrence >= 5","k = 2","T + Te","occurrence >= 5 | k = 2 | T + Te"
"percentile_latbin_OLS","q75","occurrence5_k2_tropical_temperate_polar","occurrence",5,NA,2,"tropical_temperate_polar","Northern",87,83,20,20,0.229885057471264,"Percentile lat-bin OLS: q75","occurrence >= 5","k = 2","T + Te + P","occurrence >= 5 | k = 2 | T + Te + P"
"percentile_latbin_OLS","q75","occurrence5_k2_tropical_temperate_polar","occurrence",5,NA,2,"tropical_temperate_polar","Southern",87,82,14,14,0.160919540229885,"Percentile lat-bin OLS: q75","occurrence >= 5","k = 2","T + Te + P","occurrence >= 5 | k = 2 | T + Te + P"
"percentile_latbin_OLS","q75","occurrence5_k3_tropical_temperate","occurrence",5,NA,3,"tropical_temperate","Northern",87,83,21,21,0.241379310344828,"Percentile lat-bin OLS: q75","occurrence >= 5","k = 3","T + Te","occurrence >= 5 | k = 3 | T + Te"
"percentile_latbin_OLS","q75","occurrence5_k3_tropical_temperate","occurrence",5,NA,3,"tropical_temperate","Southern",87,82,19,19,0.218390804597701,"Percentile lat-bin OLS: q75","occurrence >= 5","k = 3","T + Te","occurrence >= 5 | k = 3 | T + Te"
"percentile_latbin_OLS","q75","occurrence5_k3_tropical_temperate_polar","occurrence",5,NA,3,"tropical_temperate_polar","Northern",87,83,6,6,0.0689655172413793,"Percentile lat-bin OLS: q75","occurrence >= 5","k = 3","T + Te + P","occurrence >= 5 | k = 3 | T + Te + P"
"percentile_latbin_OLS","q75","occurrence5_k3_tropical_temperate_polar","occurrence",5,NA,3,"tropical_temperate_polar","Southern",87,82,11,11,0.126436781609195,"Percentile lat-bin OLS: q75","occurrence >= 5","k = 3","T + Te + P","occurrence >= 5 | k = 3 | T + Te + P"
