"method_group","slope_metric","qc_name","qc_type","occurrence_min","collection_min","min_cells_per_latbin","zone_requirement","test","x_var","y_var","n","estimate","p_value"
"per_cell_all_cells_OLS","all_cells_slope","collection10_k1_tropical_temperate","collection",NA,10,1,"tropical_temperate","NH slope vs SH slope","slope_Northern","slope_Southern",15,-0.164285714285714,0.558497373248602
"per_cell_all_cells_OLS","all_cells_slope","collection10_k1_tropical_temperate","collection",NA,10,1,"tropical_temperate","|NH-SH slope| vs sampling-profile dissimilarity","sampling_profile_dissim","slope_diff_abs",15,-0.332142857142857,0.226471759070724
"per_cell_all_cells_OLS","all_cells_slope","collection10_k1_tropical_temperate","collection",NA,10,1,"tropical_temperate","|NH-SH slope| vs k_cv difference","k_cv_diff","slope_diff_abs",15,0.453571428571428,0.0894859001430273
"per_cell_all_cells_OLS","all_cells_slope","collection10_k1_tropical_temperate","collection",NA,10,1,"tropical_temperate","|NH-SH slope| vs k_median asymmetry","k_median_asym","slope_diff_abs",15,-0.396416616305158,0.143507706310907
"per_cell_all_cells_OLS","all_cells_slope","collection10_k1_tropical_temperate","collection",NA,10,1,"tropical_temperate","NH-SH slope vs sampling-profile dissimilarity","sampling_profile_dissim","slope_diff_signed",15,-0.117857142857143,0.675711529221304
"per_cell_all_cells_OLS","all_cells_slope","collection10_k1_tropical_temperate","collection",NA,10,1,"tropical_temperate","NH-SH slope vs signed k_cv difference","k_cv_diff_signed","slope_diff_signed",15,-0.075,0.790510794155268
"per_cell_all_cells_OLS","all_cells_slope","collection10_k1_tropical_temperate","collection",NA,10,1,"tropical_temperate","NH-SH slope vs signed k_median difference","k_median_diff_signed","slope_diff_signed",15,0.0489181811331753,0.862553063115158
"per_cell_all_cells_OLS","all_cells_slope","collection10_k1_tropical_temperate_polar","collection",NA,10,1,"tropical_temperate_polar","NH slope vs SH slope","slope_Northern","slope_Southern",7,-0.428571428571428,0.337368311085824
"per_cell_all_cells_OLS","all_cells_slope","collection10_k1_tropical_temperate_polar","collection",NA,10,1,"tropical_temperate_polar","|NH-SH slope| vs sampling-profile dissimilarity","sampling_profile_dissim","slope_diff_abs",7,0.321428571428571,0.482072038299678
"per_cell_all_cells_OLS","all_cells_slope","collection10_k1_tropical_temperate_polar","collection",NA,10,1,"tropical_temperate_polar","|NH-SH slope| vs k_cv difference","k_cv_diff","slope_diff_abs",7,0,1
"per_cell_all_cells_OLS","all_cells_slope","collection10_k1_tropical_temperate_polar","collection",NA,10,1,"tropical_temperate_polar","|NH-SH slope| vs k_median asymmetry","k_median_asym","slope_diff_abs",7,0.432449982093868,0.332526778212844
"per_cell_all_cells_OLS","all_cells_slope","collection10_k1_tropical_temperate_polar","collection",NA,10,1,"tropical_temperate_polar","NH-SH slope vs sampling-profile dissimilarity","sampling_profile_dissim","slope_diff_signed",7,-0.571428571428571,0.180201988911528
"per_cell_all_cells_OLS","all_cells_slope","collection10_k1_tropical_temperate_polar","collection",NA,10,1,"tropical_temperate_polar","NH-SH slope vs signed k_cv difference","k_cv_diff_signed","slope_diff_signed",7,-0.892857142857143,0.00680718740893541
"per_cell_all_cells_OLS","all_cells_slope","collection10_k1_tropical_temperate_polar","collection",NA,10,1,"tropical_temperate_polar","NH-SH slope vs signed k_median difference","k_median_diff_signed","slope_diff_signed",7,-0.198206241793023,0.670085033916827
"per_cell_all_cells_OLS","all_cells_slope","collection10_k2_tropical_temperate","collection",NA,10,2,"tropical_temperate","NH slope vs SH slope","slope_Northern","slope_Southern",1,NA,NA
"per_cell_all_cells_OLS","all_cells_slope","collection10_k2_tropical_temperate","collection",NA,10,2,"tropical_temperate","|NH-SH slope| vs sampling-profile dissimilarity","sampling_profile_dissim","slope_diff_abs",1,NA,NA
"per_cell_all_cells_OLS","all_cells_slope","collection10_k2_tropical_temperate","collection",NA,10,2,"tropical_temperate","|NH-SH slope| vs k_cv difference","k_cv_diff","slope_diff_abs",1,NA,NA
"per_cell_all_cells_OLS","all_cells_slope","collection10_k2_tropical_temperate","collection",NA,10,2,"tropical_temperate","|NH-SH slope| vs k_median asymmetry","k_median_asym","slope_diff_abs",1,NA,NA
"per_cell_all_cells_OLS","all_cells_slope","collection10_k2_tropical_temperate","collection",NA,10,2,"tropical_temperate","NH-SH slope vs sampling-profile dissimilarity","sampling_profile_dissim","slope_diff_signed",1,NA,NA
"per_cell_all_cells_OLS","all_cells_slope","collection10_k2_tropical_temperate","collection",NA,10,2,"tropical_temperate","NH-SH slope vs signed k_cv difference","k_cv_diff_signed","slope_diff_signed",1,NA,NA
"per_cell_all_cells_OLS","all_cells_slope","collection10_k2_tropical_temperate","collection",NA,10,2,"tropical_temperate","NH-SH slope vs signed k_median difference","k_median_diff_signed","slope_diff_signed",1,NA,NA
"per_cell_all_cells_OLS","all_cells_slope","collection5_k1_tropical_temperate","collection",NA,5,1,"tropical_temperate","NH slope vs SH slope","slope_Northern","slope_Southern",32,-0.111436950146628,0.543719326159043
"per_cell_all_cells_OLS","all_cells_slope","collection5_k1_tropical_temperate","collection",NA,5,1,"tropical_temperate","|NH-SH slope| vs sampling-profile dissimilarity","sampling_profile_dissim","slope_diff_abs",32,0.239736070381232,0.186312979319372
"per_cell_all_cells_OLS","all_cells_slope","collection5_k1_tropical_temperate","collection",NA,5,1,"tropical_temperate","|NH-SH slope| vs k_cv difference","k_cv_diff","slope_diff_abs",32,0.0685483870967742,0.709312551982046
"per_cell_all_cells_OLS","all_cells_slope","collection5_k1_tropical_temperate","collection",NA,5,1,"tropical_temperate","|NH-SH slope| vs k_median asymmetry","k_median_asym","slope_diff_abs",32,-0.0492768098959686,0.788834834179582
"per_cell_all_cells_OLS","all_cells_slope","collection5_k1_tropical_temperate","collection",NA,5,1,"tropical_temperate","NH-SH slope vs sampling-profile dissimilarity","sampling_profile_dissim","slope_diff_signed",32,-0.285190615835777,0.113614342869133
"per_cell_all_cells_OLS","all_cells_slope","collection5_k1_tropical_temperate","collection",NA,5,1,"tropical_temperate","NH-SH slope vs signed k_cv difference","k_cv_diff_signed","slope_diff_signed",32,-0.103005865102639,0.574796082185917
"per_cell_all_cells_OLS","all_cells_slope","collection5_k1_tropical_temperate","collection",NA,5,1,"tropical_temperate","NH-SH slope vs signed k_median difference","k_median_diff_signed","slope_diff_signed",32,0.0959939754061838,0.601232591081903
"per_cell_all_cells_OLS","all_cells_slope","collection5_k1_tropical_temperate_polar","collection",NA,5,1,"tropical_temperate_polar","NH slope vs SH slope","slope_Northern","slope_Southern",15,-0.310714285714286,0.259667397337218
"per_cell_all_cells_OLS","all_cells_slope","collection5_k1_tropical_temperate_polar","collection",NA,5,1,"tropical_temperate_polar","|NH-SH slope| vs sampling-profile dissimilarity","sampling_profile_dissim","slope_diff_abs",15,0.0357142857142857,0.899446993472087
"per_cell_all_cells_OLS","all_cells_slope","collection5_k1_tropical_temperate_polar","collection",NA,5,1,"tropical_temperate_polar","|NH-SH slope| vs k_cv difference","k_cv_diff","slope_diff_abs",15,0.2,0.474813964522169
"per_cell_all_cells_OLS","all_cells_slope","collection5_k1_tropical_temperate_polar","collection",NA,5,1,"tropical_temperate_polar","|NH-SH slope| vs k_median asymmetry","k_median_asym","slope_diff_abs",15,0.104987049067119,0.709617809940237
"per_cell_all_cells_OLS","all_cells_slope","collection5_k1_tropical_temperate_polar","collection",NA,5,1,"tropical_temperate_polar","NH-SH slope vs sampling-profile dissimilarity","sampling_profile_dissim","slope_diff_signed",15,-0.357142857142857,0.191274763431579
"per_cell_all_cells_OLS","all_cells_slope","collection5_k1_tropical_temperate_polar","collection",NA,5,1,"tropical_temperate_polar","NH-SH slope vs signed k_cv difference","k_cv_diff_signed","slope_diff_signed",15,-0.114285714285714,0.685065762656897
"per_cell_all_cells_OLS","all_cells_slope","collection5_k1_tropical_temperate_polar","collection",NA,5,1,"tropical_temperate_polar","NH-SH slope vs signed k_median difference","k_median_diff_signed","slope_diff_signed",15,-0.227521067606083,0.414775902386143
"per_cell_all_cells_OLS","all_cells_slope","collection5_k2_tropical_temperate","collection",NA,5,2,"tropical_temperate","NH slope vs SH slope","slope_Northern","slope_Southern",6,-0.542857142857143,0.265702623906705
"per_cell_all_cells_OLS","all_cells_slope","collection5_k2_tropical_temperate","collection",NA,5,2,"tropical_temperate","|NH-SH slope| vs sampling-profile dissimilarity","sampling_profile_dissim","slope_diff_abs",6,0.657142857142857,0.156174927113702
"per_cell_all_cells_OLS","all_cells_slope","collection5_k2_tropical_temperate","collection",NA,5,2,"tropical_temperate","|NH-SH slope| vs k_cv difference","k_cv_diff","slope_diff_abs",6,-0.142857142857143,0.787172011661808
"per_cell_all_cells_OLS","all_cells_slope","collection5_k2_tropical_temperate","collection",NA,5,2,"tropical_temperate","|NH-SH slope| vs k_median asymmetry","k_median_asym","slope_diff_abs",6,0.657142857142857,0.156174927113702
"per_cell_all_cells_OLS","all_cells_slope","collection5_k2_tropical_temperate","collection",NA,5,2,"tropical_temperate","NH-SH slope vs sampling-profile dissimilarity","sampling_profile_dissim","slope_diff_signed",6,-0.6,0.208
"per_cell_all_cells_OLS","all_cells_slope","collection5_k2_tropical_temperate","collection",NA,5,2,"tropical_temperate","NH-SH slope vs signed k_cv difference","k_cv_diff_signed","slope_diff_signed",6,-0.257142857142857,0.622787172011662
"per_cell_all_cells_OLS","all_cells_slope","collection5_k2_tropical_temperate","collection",NA,5,2,"tropical_temperate","NH-SH slope vs signed k_median difference","k_median_diff_signed","slope_diff_signed",6,-0.6,0.208
"per_cell_all_cells_OLS","all_cells_slope","collection5_k2_tropical_temperate_polar","collection",NA,5,2,"tropical_temperate_polar","NH slope vs SH slope","slope_Northern","slope_Southern",3,0.5,0.666666666666667
"per_cell_all_cells_OLS","all_cells_slope","collection5_k2_tropical_temperate_polar","collection",NA,5,2,"tropical_temperate_polar","|NH-SH slope| vs sampling-profile dissimilarity","sampling_profile_dissim","slope_diff_abs",3,0.5,0.666666666666667
"per_cell_all_cells_OLS","all_cells_slope","collection5_k2_tropical_temperate_polar","collection",NA,5,2,"tropical_temperate_polar","|NH-SH slope| vs k_cv difference","k_cv_diff","slope_diff_abs",3,1,0
"per_cell_all_cells_OLS","all_cells_slope","collection5_k2_tropical_temperate_polar","collection",NA,5,2,"tropical_temperate_polar","|NH-SH slope| vs k_median asymmetry","k_median_asym","slope_diff_abs",3,0.5,0.666666666666667
"per_cell_all_cells_OLS","all_cells_slope","collection5_k2_tropical_temperate_polar","collection",NA,5,2,"tropical_temperate_polar","NH-SH slope vs sampling-profile dissimilarity","sampling_profile_dissim","slope_diff_signed",3,-0.5,0.666666666666667
"per_cell_all_cells_OLS","all_cells_slope","collection5_k2_tropical_temperate_polar","collection",NA,5,2,"tropical_temperate_polar","NH-SH slope vs signed k_cv difference","k_cv_diff_signed","slope_diff_signed",3,-0.5,0.666666666666667
"per_cell_all_cells_OLS","all_cells_slope","collection5_k2_tropical_temperate_polar","collection",NA,5,2,"tropical_temperate_polar","NH-SH slope vs signed k_median difference","k_median_diff_signed","slope_diff_signed",3,0.5,0.666666666666667
"per_cell_all_cells_OLS","all_cells_slope","occurrence10_k1_tropical_temperate","occurrence",10,NA,1,"tropical_temperate","NH slope vs SH slope","slope_Northern","slope_Southern",39,0.0686234817813765,0.678068502614356
"per_cell_all_cells_OLS","all_cells_slope","occurrence10_k1_tropical_temperate","occurrence",10,NA,1,"tropical_temperate","|NH-SH slope| vs sampling-profile dissimilarity","sampling_profile_dissim","slope_diff_abs",39,0.0253036437246964,0.878473784818086
"per_cell_all_cells_OLS","all_cells_slope","occurrence10_k1_tropical_temperate","occurrence",10,NA,1,"tropical_temperate","|NH-SH slope| vs k_cv difference","k_cv_diff","slope_diff_abs",39,-0.123886639676113,0.452410875822083
"per_cell_all_cells_OLS","all_cells_slope","occurrence10_k1_tropical_temperate","occurrence",10,NA,1,"tropical_temperate","|NH-SH slope| vs k_median asymmetry","k_median_asym","slope_diff_abs",39,0.0343341152581715,0.835618310070472
"per_cell_all_cells_OLS","all_cells_slope","occurrence10_k1_tropical_temperate","occurrence",10,NA,1,"tropical_temperate","NH-SH slope vs sampling-profile dissimilarity","sampling_profile_dissim","slope_diff_signed",39,-0.0967611336032389,0.557881869816425
"per_cell_all_cells_OLS","all_cells_slope","occurrence10_k1_tropical_temperate","occurrence",10,NA,1,"tropical_temperate","NH-SH slope vs signed k_cv difference","k_cv_diff_signed","slope_diff_signed",39,-0.0827935222672065,0.61631143357223
"per_cell_all_cells_OLS","all_cells_slope","occurrence10_k1_tropical_temperate","occurrence",10,NA,1,"tropical_temperate","NH-SH slope vs signed k_median difference","k_median_diff_signed","slope_diff_signed",39,0.08480290141281,0.607748764389517
"per_cell_all_cells_OLS","all_cells_slope","occurrence10_k1_tropical_temperate_polar","occurrence",10,NA,1,"tropical_temperate_polar","NH slope vs SH slope","slope_Northern","slope_Southern",15,-0.228571428571429,0.412566170496361
"per_cell_all_cells_OLS","all_cells_slope","occurrence10_k1_tropical_temperate_polar","occurrence",10,NA,1,"tropical_temperate_polar","|NH-SH slope| vs sampling-profile dissimilarity","sampling_profile_dissim","slope_diff_abs",15,-0.00714285714285714,0.979844227761598
"per_cell_all_cells_OLS","all_cells_slope","occurrence10_k1_tropical_temperate_polar","occurrence",10,NA,1,"tropical_temperate_polar","|NH-SH slope| vs k_cv difference","k_cv_diff","slope_diff_abs",15,0.325,0.237225438237234
"per_cell_all_cells_OLS","all_cells_slope","occurrence10_k1_tropical_temperate_polar","occurrence",10,NA,1,"tropical_temperate_polar","|NH-SH slope| vs k_median asymmetry","k_median_asym","slope_diff_abs",15,0.140291400373058,0.617999886728885
"per_cell_all_cells_OLS","all_cells_slope","occurrence10_k1_tropical_temperate_polar","occurrence",10,NA,1,"tropical_temperate_polar","NH-SH slope vs sampling-profile dissimilarity","sampling_profile_dissim","slope_diff_signed",15,-0.307142857142857,0.265472685710278
"per_cell_all_cells_OLS","all_cells_slope","occurrence10_k1_tropical_temperate_polar","occurrence",10,NA,1,"tropical_temperate_polar","NH-SH slope vs signed k_cv difference","k_cv_diff_signed","slope_diff_signed",15,0.167857142857143,0.549855554227802
"per_cell_all_cells_OLS","all_cells_slope","occurrence10_k1_tropical_temperate_polar","occurrence",10,NA,1,"tropical_temperate_polar","NH-SH slope vs signed k_median difference","k_median_diff_signed","slope_diff_signed",15,0.0622397827123248,0.825595768353357
"per_cell_all_cells_OLS","all_cells_slope","occurrence10_k2_tropical_temperate","occurrence",10,NA,2,"tropical_temperate","NH slope vs SH slope","slope_Northern","slope_Southern",9,-0.5,0.170470660787054
"per_cell_all_cells_OLS","all_cells_slope","occurrence10_k2_tropical_temperate","occurrence",10,NA,2,"tropical_temperate","|NH-SH slope| vs sampling-profile dissimilarity","sampling_profile_dissim","slope_diff_abs",9,-0.116666666666667,0.765007942926146
"per_cell_all_cells_OLS","all_cells_slope","occurrence10_k2_tropical_temperate","occurrence",10,NA,2,"tropical_temperate","|NH-SH slope| vs k_cv difference","k_cv_diff","slope_diff_abs",9,-0.183333333333333,0.636819811762894
"per_cell_all_cells_OLS","all_cells_slope","occurrence10_k2_tropical_temperate","occurrence",10,NA,2,"tropical_temperate","|NH-SH slope| vs k_median asymmetry","k_median_asym","slope_diff_abs",9,-0.334730963502289,0.378594961281927
"per_cell_all_cells_OLS","all_cells_slope","occurrence10_k2_tropical_temperate","occurrence",10,NA,2,"tropical_temperate","NH-SH slope vs sampling-profile dissimilarity","sampling_profile_dissim","slope_diff_signed",9,-0.383333333333333,0.308495272380372
"per_cell_all_cells_OLS","all_cells_slope","occurrence10_k2_tropical_temperate","occurrence",10,NA,2,"tropical_temperate","NH-SH slope vs signed k_cv difference","k_cv_diff_signed","slope_diff_signed",9,-0.383333333333333,0.308495272380372
"per_cell_all_cells_OLS","all_cells_slope","occurrence10_k2_tropical_temperate","occurrence",10,NA,2,"tropical_temperate","NH-SH slope vs signed k_median difference","k_median_diff_signed","slope_diff_signed",9,-0.127688479613812,0.74338358954755
"per_cell_all_cells_OLS","all_cells_slope","occurrence10_k2_tropical_temperate_polar","occurrence",10,NA,2,"tropical_temperate_polar","NH slope vs SH slope","slope_Northern","slope_Southern",2,NA,NA
"per_cell_all_cells_OLS","all_cells_slope","occurrence10_k2_tropical_temperate_polar","occurrence",10,NA,2,"tropical_temperate_polar","|NH-SH slope| vs sampling-profile dissimilarity","sampling_profile_dissim","slope_diff_abs",2,NA,NA
"per_cell_all_cells_OLS","all_cells_slope","occurrence10_k2_tropical_temperate_polar","occurrence",10,NA,2,"tropical_temperate_polar","|NH-SH slope| vs k_cv difference","k_cv_diff","slope_diff_abs",2,NA,NA
"per_cell_all_cells_OLS","all_cells_slope","occurrence10_k2_tropical_temperate_polar","occurrence",10,NA,2,"tropical_temperate_polar","|NH-SH slope| vs k_median asymmetry","k_median_asym","slope_diff_abs",2,NA,NA
"per_cell_all_cells_OLS","all_cells_slope","occurrence10_k2_tropical_temperate_polar","occurrence",10,NA,2,"tropical_temperate_polar","NH-SH slope vs sampling-profile dissimilarity","sampling_profile_dissim","slope_diff_signed",2,NA,NA
"per_cell_all_cells_OLS","all_cells_slope","occurrence10_k2_tropical_temperate_polar","occurrence",10,NA,2,"tropical_temperate_polar","NH-SH slope vs signed k_cv difference","k_cv_diff_signed","slope_diff_signed",2,NA,NA
"per_cell_all_cells_OLS","all_cells_slope","occurrence10_k2_tropical_temperate_polar","occurrence",10,NA,2,"tropical_temperate_polar","NH-SH slope vs signed k_median difference","k_median_diff_signed","slope_diff_signed",2,NA,NA
"per_cell_all_cells_OLS","all_cells_slope","occurrence5_k1_tropical_temperate","occurrence",5,NA,1,"tropical_temperate","NH slope vs SH slope","slope_Northern","slope_Southern",41,0.0130662020905923,0.935377903693331
"per_cell_all_cells_OLS","all_cells_slope","occurrence5_k1_tropical_temperate","occurrence",5,NA,1,"tropical_temperate","|NH-SH slope| vs sampling-profile dissimilarity","sampling_profile_dissim","slope_diff_abs",41,0.173004050863177,0.279390091445682
"per_cell_all_cells_OLS","all_cells_slope","occurrence5_k1_tropical_temperate","occurrence",5,NA,1,"tropical_temperate","|NH-SH slope| vs k_cv difference","k_cv_diff","slope_diff_abs",41,-0.0491289198606272,0.76033997596351
"per_cell_all_cells_OLS","all_cells_slope","occurrence5_k1_tropical_temperate","occurrence",5,NA,1,"tropical_temperate","|NH-SH slope| vs k_median asymmetry","k_median_asym","slope_diff_abs",41,0.000349483916993844,0.998269723145634
"per_cell_all_cells_OLS","all_cells_slope","occurrence5_k1_tropical_temperate","occurrence",5,NA,1,"tropical_temperate","NH-SH slope vs sampling-profile dissimilarity","sampling_profile_dissim","slope_diff_signed",41,-0.0562742280249809,0.726740509112013
"per_cell_all_cells_OLS","all_cells_slope","occurrence5_k1_tropical_temperate","occurrence",5,NA,1,"tropical_temperate","NH-SH slope vs signed k_cv difference","k_cv_diff_signed","slope_diff_signed",41,-0.109756097560976,0.494533297431324
"per_cell_all_cells_OLS","all_cells_slope","occurrence5_k1_tropical_temperate","occurrence",5,NA,1,"tropical_temperate","NH-SH slope vs signed k_median difference","k_median_diff_signed","slope_diff_signed",41,0.0932929317501839,0.561806630873379
"per_cell_all_cells_OLS","all_cells_slope","occurrence5_k1_tropical_temperate_polar","occurrence",5,NA,1,"tropical_temperate_polar","NH slope vs SH slope","slope_Northern","slope_Southern",18,-0.298245614035088,0.229322411766133
"per_cell_all_cells_OLS","all_cells_slope","occurrence5_k1_tropical_temperate_polar","occurrence",5,NA,1,"tropical_temperate_polar","|NH-SH slope| vs sampling-profile dissimilarity","sampling_profile_dissim","slope_diff_abs",18,0.331269349845201,0.179322144399268
"per_cell_all_cells_OLS","all_cells_slope","occurrence5_k1_tropical_temperate_polar","occurrence",5,NA,1,"tropical_temperate_polar","|NH-SH slope| vs k_cv difference","k_cv_diff","slope_diff_abs",18,0.139318885448916,0.581396209584758
"per_cell_all_cells_OLS","all_cells_slope","occurrence5_k1_tropical_temperate_polar","occurrence",5,NA,1,"tropical_temperate_polar","|NH-SH slope| vs k_median asymmetry","k_median_asym","slope_diff_abs",18,0.150104243524903,0.552175451063935
"per_cell_all_cells_OLS","all_cells_slope","occurrence5_k1_tropical_temperate_polar","occurrence",5,NA,1,"tropical_temperate_polar","NH-SH slope vs sampling-profile dissimilarity","sampling_profile_dissim","slope_diff_signed",18,-0.0980392156862745,0.698742483023527
"per_cell_all_cells_OLS","all_cells_slope","occurrence5_k1_tropical_temperate_polar","occurrence",5,NA,1,"tropical_temperate_polar","NH-SH slope vs signed k_cv difference","k_cv_diff_signed","slope_diff_signed",18,0.203302373581011,0.418446733471963
"per_cell_all_cells_OLS","all_cells_slope","occurrence5_k1_tropical_temperate_polar","occurrence",5,NA,1,"tropical_temperate_polar","NH-SH slope vs signed k_median difference","k_median_diff_signed","slope_diff_signed",18,-0.0241248448101097,0.924300403511131
"per_cell_all_cells_OLS","all_cells_slope","occurrence5_k2_tropical_temperate","occurrence",5,NA,2,"tropical_temperate","NH slope vs SH slope","slope_Northern","slope_Southern",12,0.181818181818182,0.571701238527655
"per_cell_all_cells_OLS","all_cells_slope","occurrence5_k2_tropical_temperate","occurrence",5,NA,2,"tropical_temperate","|NH-SH slope| vs sampling-profile dissimilarity","sampling_profile_dissim","slope_diff_abs",12,0.48951048951049,0.106252371759346
"per_cell_all_cells_OLS","all_cells_slope","occurrence5_k2_tropical_temperate","occurrence",5,NA,2,"tropical_temperate","|NH-SH slope| vs k_cv difference","k_cv_diff","slope_diff_abs",12,0.244755244755245,0.443261936450183
"per_cell_all_cells_OLS","all_cells_slope","occurrence5_k2_tropical_temperate","occurrence",5,NA,2,"tropical_temperate","|NH-SH slope| vs k_median asymmetry","k_median_asym","slope_diff_abs",12,0.704478848442841,0.0105298043843624
"per_cell_all_cells_OLS","all_cells_slope","occurrence5_k2_tropical_temperate","occurrence",5,NA,2,"tropical_temperate","NH-SH slope vs sampling-profile dissimilarity","sampling_profile_dissim","slope_diff_signed",12,-0.454545454545455,0.13765791634773
"per_cell_all_cells_OLS","all_cells_slope","occurrence5_k2_tropical_temperate","occurrence",5,NA,2,"tropical_temperate","NH-SH slope vs signed k_cv difference","k_cv_diff_signed","slope_diff_signed",12,-0.118881118881119,0.712884219214771
"per_cell_all_cells_OLS","all_cells_slope","occurrence5_k2_tropical_temperate","occurrence",5,NA,2,"tropical_temperate","NH-SH slope vs signed k_median difference","k_median_diff_signed","slope_diff_signed",12,-0.373049444797015,0.232336837742004
"per_cell_all_cells_OLS","all_cells_slope","occurrence5_k2_tropical_temperate_polar","occurrence",5,NA,2,"tropical_temperate_polar","NH slope vs SH slope","slope_Northern","slope_Southern",5,-0.1,0.872888571569538
"per_cell_all_cells_OLS","all_cells_slope","occurrence5_k2_tropical_temperate_polar","occurrence",5,NA,2,"tropical_temperate_polar","|NH-SH slope| vs sampling-profile dissimilarity","sampling_profile_dissim","slope_diff_abs",5,-0.1,0.872888571569538
"per_cell_all_cells_OLS","all_cells_slope","occurrence5_k2_tropical_temperate_polar","occurrence",5,NA,2,"tropical_temperate_polar","|NH-SH slope| vs k_cv difference","k_cv_diff","slope_diff_abs",5,0.8,0.104088038661828
"per_cell_all_cells_OLS","all_cells_slope","occurrence5_k2_tropical_temperate_polar","occurrence",5,NA,2,"tropical_temperate_polar","|NH-SH slope| vs k_median asymmetry","k_median_asym","slope_diff_abs",5,0.66688592885535,0.218893981313232
"per_cell_all_cells_OLS","all_cells_slope","occurrence5_k2_tropical_temperate_polar","occurrence",5,NA,2,"tropical_temperate_polar","NH-SH slope vs sampling-profile dissimilarity","sampling_profile_dissim","slope_diff_signed",5,0.1,0.872888571569538
"per_cell_all_cells_OLS","all_cells_slope","occurrence5_k2_tropical_temperate_polar","occurrence",5,NA,2,"tropical_temperate_polar","NH-SH slope vs signed k_cv difference","k_cv_diff_signed","slope_diff_signed",5,-0.7,0.188120404374188
"per_cell_all_cells_OLS","all_cells_slope","occurrence5_k2_tropical_temperate_polar","occurrence",5,NA,2,"tropical_temperate_polar","NH-SH slope vs signed k_median difference","k_median_diff_signed","slope_diff_signed",5,0.0512989176042577,0.934712848108234
"per_cell_all_cells_OLS","all_cells_slope","occurrence5_k3_tropical_temperate","occurrence",5,NA,3,"tropical_temperate","NH slope vs SH slope","slope_Northern","slope_Southern",1,NA,NA
"per_cell_all_cells_OLS","all_cells_slope","occurrence5_k3_tropical_temperate","occurrence",5,NA,3,"tropical_temperate","|NH-SH slope| vs sampling-profile dissimilarity","sampling_profile_dissim","slope_diff_abs",1,NA,NA
"per_cell_all_cells_OLS","all_cells_slope","occurrence5_k3_tropical_temperate","occurrence",5,NA,3,"tropical_temperate","|NH-SH slope| vs k_cv difference","k_cv_diff","slope_diff_abs",1,NA,NA
"per_cell_all_cells_OLS","all_cells_slope","occurrence5_k3_tropical_temperate","occurrence",5,NA,3,"tropical_temperate","|NH-SH slope| vs k_median asymmetry","k_median_asym","slope_diff_abs",1,NA,NA
"per_cell_all_cells_OLS","all_cells_slope","occurrence5_k3_tropical_temperate","occurrence",5,NA,3,"tropical_temperate","NH-SH slope vs sampling-profile dissimilarity","sampling_profile_dissim","slope_diff_signed",1,NA,NA
"per_cell_all_cells_OLS","all_cells_slope","occurrence5_k3_tropical_temperate","occurrence",5,NA,3,"tropical_temperate","NH-SH slope vs signed k_cv difference","k_cv_diff_signed","slope_diff_signed",1,NA,NA
"per_cell_all_cells_OLS","all_cells_slope","occurrence5_k3_tropical_temperate","occurrence",5,NA,3,"tropical_temperate","NH-SH slope vs signed k_median difference","k_median_diff_signed","slope_diff_signed",1,NA,NA
"per_cell_balanced_resampling_OLS","median_resampled_slope","collection10_k1_tropical_temperate","collection",NA,10,1,"tropical_temperate","NH slope vs SH slope","slope_Northern","slope_Southern",15,-0.0142857142857143,0.959699764598948
"per_cell_balanced_resampling_OLS","median_resampled_slope","collection10_k1_tropical_temperate","collection",NA,10,1,"tropical_temperate","|NH-SH slope| vs sampling-profile dissimilarity","sampling_profile_dissim","slope_diff_abs",15,-0.446428571428571,0.0952932131535262
"per_cell_balanced_resampling_OLS","median_resampled_slope","collection10_k1_tropical_temperate","collection",NA,10,1,"tropical_temperate","|NH-SH slope| vs k_cv difference","k_cv_diff","slope_diff_abs",15,0.482142857142857,0.0687495377206436
"per_cell_balanced_resampling_OLS","median_resampled_slope","collection10_k1_tropical_temperate","collection",NA,10,1,"tropical_temperate","|NH-SH slope| vs k_median asymmetry","k_median_asym","slope_diff_abs",15,-0.231695556561919,0.406030079640462
"per_cell_balanced_resampling_OLS","median_resampled_slope","collection10_k1_tropical_temperate","collection",NA,10,1,"tropical_temperate","NH-SH slope vs sampling-profile dissimilarity","sampling_profile_dissim","slope_diff_signed",15,-0.0392857142857143,0.889445929673948
"per_cell_balanced_resampling_OLS","median_resampled_slope","collection10_k1_tropical_temperate","collection",NA,10,1,"tropical_temperate","NH-SH slope vs signed k_cv difference","k_cv_diff_signed","slope_diff_signed",15,-0.0964285714285714,0.73245286338673
"per_cell_balanced_resampling_OLS","median_resampled_slope","collection10_k1_tropical_temperate","collection",NA,10,1,"tropical_temperate","NH-SH slope vs signed k_median difference","k_median_diff_signed","slope_diff_signed",15,-0.161248819290837,0.565891058094381
"per_cell_balanced_resampling_OLS","median_resampled_slope","collection10_k1_tropical_temperate_polar","collection",NA,10,1,"tropical_temperate_polar","NH slope vs SH slope","slope_Northern","slope_Southern",7,0.214285714285714,0.64451158102072
"per_cell_balanced_resampling_OLS","median_resampled_slope","collection10_k1_tropical_temperate_polar","collection",NA,10,1,"tropical_temperate_polar","|NH-SH slope| vs sampling-profile dissimilarity","sampling_profile_dissim","slope_diff_abs",7,0.107142857142857,0.819150855569991
"per_cell_balanced_resampling_OLS","median_resampled_slope","collection10_k1_tropical_temperate_polar","collection",NA,10,1,"tropical_temperate_polar","|NH-SH slope| vs k_cv difference","k_cv_diff","slope_diff_abs",7,0.178571428571429,0.701657942516273
"per_cell_balanced_resampling_OLS","median_resampled_slope","collection10_k1_tropical_temperate_polar","collection",NA,10,1,"tropical_temperate_polar","|NH-SH slope| vs k_median asymmetry","k_median_asym","slope_diff_abs",7,0.594618725379069,0.159089993701185
"per_cell_balanced_resampling_OLS","median_resampled_slope","collection10_k1_tropical_temperate_polar","collection",NA,10,1,"tropical_temperate_polar","NH-SH slope vs sampling-profile dissimilarity","sampling_profile_dissim","slope_diff_signed",7,-0.535714285714286,0.215217455678013
"per_cell_balanced_resampling_OLS","median_resampled_slope","collection10_k1_tropical_temperate_polar","collection",NA,10,1,"tropical_temperate_polar","NH-SH slope vs signed k_cv difference","k_cv_diff_signed","slope_diff_signed",7,-0.857142857142857,0.0136973266153257
"per_cell_balanced_resampling_OLS","median_resampled_slope","collection10_k1_tropical_temperate_polar","collection",NA,10,1,"tropical_temperate_polar","NH-SH slope vs signed k_median difference","k_median_diff_signed","slope_diff_signed",7,-0.61263747463298,0.143588575301286
"per_cell_balanced_resampling_OLS","median_resampled_slope","collection10_k2_tropical_temperate","collection",NA,10,2,"tropical_temperate","NH slope vs SH slope","slope_Northern","slope_Southern",1,NA,NA
"per_cell_balanced_resampling_OLS","median_resampled_slope","collection10_k2_tropical_temperate","collection",NA,10,2,"tropical_temperate","|NH-SH slope| vs sampling-profile dissimilarity","sampling_profile_dissim","slope_diff_abs",1,NA,NA
"per_cell_balanced_resampling_OLS","median_resampled_slope","collection10_k2_tropical_temperate","collection",NA,10,2,"tropical_temperate","|NH-SH slope| vs k_cv difference","k_cv_diff","slope_diff_abs",1,NA,NA
"per_cell_balanced_resampling_OLS","median_resampled_slope","collection10_k2_tropical_temperate","collection",NA,10,2,"tropical_temperate","|NH-SH slope| vs k_median asymmetry","k_median_asym","slope_diff_abs",1,NA,NA
"per_cell_balanced_resampling_OLS","median_resampled_slope","collection10_k2_tropical_temperate","collection",NA,10,2,"tropical_temperate","NH-SH slope vs sampling-profile dissimilarity","sampling_profile_dissim","slope_diff_signed",1,NA,NA
"per_cell_balanced_resampling_OLS","median_resampled_slope","collection10_k2_tropical_temperate","collection",NA,10,2,"tropical_temperate","NH-SH slope vs signed k_cv difference","k_cv_diff_signed","slope_diff_signed",1,NA,NA
"per_cell_balanced_resampling_OLS","median_resampled_slope","collection10_k2_tropical_temperate","collection",NA,10,2,"tropical_temperate","NH-SH slope vs signed k_median difference","k_median_diff_signed","slope_diff_signed",1,NA,NA
"per_cell_balanced_resampling_OLS","median_resampled_slope","collection5_k1_tropical_temperate","collection",NA,5,1,"tropical_temperate","NH slope vs SH slope","slope_Northern","slope_Southern",32,-0.228005865102639,0.209445787394689
"per_cell_balanced_resampling_OLS","median_resampled_slope","collection5_k1_tropical_temperate","collection",NA,5,1,"tropical_temperate","|NH-SH slope| vs sampling-profile dissimilarity","sampling_profile_dissim","slope_diff_abs",32,0.337609970674487,0.058793236019131
"per_cell_balanced_resampling_OLS","median_resampled_slope","collection5_k1_tropical_temperate","collection",NA,5,1,"tropical_temperate","|NH-SH slope| vs k_cv difference","k_cv_diff","slope_diff_abs",32,-0.24633431085044,0.174118794093954
"per_cell_balanced_resampling_OLS","median_resampled_slope","collection5_k1_tropical_temperate","collection",NA,5,1,"tropical_temperate","|NH-SH slope| vs k_median asymmetry","k_median_asym","slope_diff_abs",32,-0.0348813373420901,0.849680904523191
"per_cell_balanced_resampling_OLS","median_resampled_slope","collection5_k1_tropical_temperate","collection",NA,5,1,"tropical_temperate","NH-SH slope vs sampling-profile dissimilarity","sampling_profile_dissim","slope_diff_signed",32,-0.250366568914956,0.166951359321887
"per_cell_balanced_resampling_OLS","median_resampled_slope","collection5_k1_tropical_temperate","collection",NA,5,1,"tropical_temperate","NH-SH slope vs signed k_cv difference","k_cv_diff_signed","slope_diff_signed",32,0.093108504398827,0.612260555418336
"per_cell_balanced_resampling_OLS","median_resampled_slope","collection5_k1_tropical_temperate","collection",NA,5,1,"tropical_temperate","NH-SH slope vs signed k_median difference","k_median_diff_signed","slope_diff_signed",32,0.0902491622061998,0.623271527373161
"per_cell_balanced_resampling_OLS","median_resampled_slope","collection5_k1_tropical_temperate_polar","collection",NA,5,1,"tropical_temperate_polar","NH slope vs SH slope","slope_Northern","slope_Southern",15,-0.417857142857143,0.121172536021878
"per_cell_balanced_resampling_OLS","median_resampled_slope","collection5_k1_tropical_temperate_polar","collection",NA,5,1,"tropical_temperate_polar","|NH-SH slope| vs sampling-profile dissimilarity","sampling_profile_dissim","slope_diff_abs",15,-0.0821428571428571,0.771028565288178
"per_cell_balanced_resampling_OLS","median_resampled_slope","collection5_k1_tropical_temperate_polar","collection",NA,5,1,"tropical_temperate_polar","|NH-SH slope| vs k_cv difference","k_cv_diff","slope_diff_abs",15,0.0678571428571429,0.810108818710513
"per_cell_balanced_resampling_OLS","median_resampled_slope","collection5_k1_tropical_temperate_polar","collection",NA,5,1,"tropical_temperate_polar","|NH-SH slope| vs k_median asymmetry","k_median_asym","slope_diff_abs",15,0.401846980912078,0.137606916011034
"per_cell_balanced_resampling_OLS","median_resampled_slope","collection5_k1_tropical_temperate_polar","collection",NA,5,1,"tropical_temperate_polar","NH-SH slope vs sampling-profile dissimilarity","sampling_profile_dissim","slope_diff_signed",15,-0.292857142857143,0.289471667212401
"per_cell_balanced_resampling_OLS","median_resampled_slope","collection5_k1_tropical_temperate_polar","collection",NA,5,1,"tropical_temperate_polar","NH-SH slope vs signed k_cv difference","k_cv_diff_signed","slope_diff_signed",15,-0.0571428571428571,0.839699868741576
"per_cell_balanced_resampling_OLS","median_resampled_slope","collection5_k1_tropical_temperate_polar","collection",NA,5,1,"tropical_temperate_polar","NH-SH slope vs signed k_median difference","k_median_diff_signed","slope_diff_signed",15,-0.349472359842943,0.201671904315988
"per_cell_balanced_resampling_OLS","median_resampled_slope","collection5_k2_tropical_temperate","collection",NA,5,2,"tropical_temperate","NH slope vs SH slope","slope_Northern","slope_Southern",6,-1,0
"per_cell_balanced_resampling_OLS","median_resampled_slope","collection5_k2_tropical_temperate","collection",NA,5,2,"tropical_temperate","|NH-SH slope| vs sampling-profile dissimilarity","sampling_profile_dissim","slope_diff_abs",6,0.257142857142857,0.622787172011662
"per_cell_balanced_resampling_OLS","median_resampled_slope","collection5_k2_tropical_temperate","collection",NA,5,2,"tropical_temperate","|NH-SH slope| vs k_cv difference","k_cv_diff","slope_diff_abs",6,-0.371428571428571,0.468478134110787
"per_cell_balanced_resampling_OLS","median_resampled_slope","collection5_k2_tropical_temperate","collection",NA,5,2,"tropical_temperate","|NH-SH slope| vs k_median asymmetry","k_median_asym","slope_diff_abs",6,0.485714285714286,0.328723032069971
"per_cell_balanced_resampling_OLS","median_resampled_slope","collection5_k2_tropical_temperate","collection",NA,5,2,"tropical_temperate","NH-SH slope vs sampling-profile dissimilarity","sampling_profile_dissim","slope_diff_signed",6,-0.6,0.208
"per_cell_balanced_resampling_OLS","median_resampled_slope","collection5_k2_tropical_temperate","collection",NA,5,2,"tropical_temperate","NH-SH slope vs signed k_cv difference","k_cv_diff_signed","slope_diff_signed",6,-0.257142857142857,0.622787172011662
"per_cell_balanced_resampling_OLS","median_resampled_slope","collection5_k2_tropical_temperate","collection",NA,5,2,"tropical_temperate","NH-SH slope vs signed k_median difference","k_median_diff_signed","slope_diff_signed",6,-0.6,0.208
"per_cell_balanced_resampling_OLS","median_resampled_slope","collection5_k2_tropical_temperate_polar","collection",NA,5,2,"tropical_temperate_polar","NH slope vs SH slope","slope_Northern","slope_Southern",3,-1,0
"per_cell_balanced_resampling_OLS","median_resampled_slope","collection5_k2_tropical_temperate_polar","collection",NA,5,2,"tropical_temperate_polar","|NH-SH slope| vs sampling-profile dissimilarity","sampling_profile_dissim","slope_diff_abs",3,-1,0
"per_cell_balanced_resampling_OLS","median_resampled_slope","collection5_k2_tropical_temperate_polar","collection",NA,5,2,"tropical_temperate_polar","|NH-SH slope| vs k_cv difference","k_cv_diff","slope_diff_abs",3,-0.5,0.666666666666667
"per_cell_balanced_resampling_OLS","median_resampled_slope","collection5_k2_tropical_temperate_polar","collection",NA,5,2,"tropical_temperate_polar","|NH-SH slope| vs k_median asymmetry","k_median_asym","slope_diff_abs",3,0.5,0.666666666666667
"per_cell_balanced_resampling_OLS","median_resampled_slope","collection5_k2_tropical_temperate_polar","collection",NA,5,2,"tropical_temperate_polar","NH-SH slope vs sampling-profile dissimilarity","sampling_profile_dissim","slope_diff_signed",3,-0.5,0.666666666666667
"per_cell_balanced_resampling_OLS","median_resampled_slope","collection5_k2_tropical_temperate_polar","collection",NA,5,2,"tropical_temperate_polar","NH-SH slope vs signed k_cv difference","k_cv_diff_signed","slope_diff_signed",3,-0.5,0.666666666666667
"per_cell_balanced_resampling_OLS","median_resampled_slope","collection5_k2_tropical_temperate_polar","collection",NA,5,2,"tropical_temperate_polar","NH-SH slope vs signed k_median difference","k_median_diff_signed","slope_diff_signed",3,0.5,0.666666666666667
"per_cell_balanced_resampling_OLS","median_resampled_slope","occurrence10_k1_tropical_temperate","occurrence",10,NA,1,"tropical_temperate","NH slope vs SH slope","slope_Northern","slope_Southern",39,0.0819838056680162,0.619776205642342
"per_cell_balanced_resampling_OLS","median_resampled_slope","occurrence10_k1_tropical_temperate","occurrence",10,NA,1,"tropical_temperate","|NH-SH slope| vs sampling-profile dissimilarity","sampling_profile_dissim","slope_diff_abs",39,0.081578947368421,0.621511638356939
"per_cell_balanced_resampling_OLS","median_resampled_slope","occurrence10_k1_tropical_temperate","occurrence",10,NA,1,"tropical_temperate","|NH-SH slope| vs k_cv difference","k_cv_diff","slope_diff_abs",39,-0.139068825910931,0.398478344465065
"per_cell_balanced_resampling_OLS","median_resampled_slope","occurrence10_k1_tropical_temperate","occurrence",10,NA,1,"tropical_temperate","|NH-SH slope| vs k_median asymmetry","k_median_asym","slope_diff_abs",39,0.00812641781258498,0.96084035673407
"per_cell_balanced_resampling_OLS","median_resampled_slope","occurrence10_k1_tropical_temperate","occurrence",10,NA,1,"tropical_temperate","NH-SH slope vs sampling-profile dissimilarity","sampling_profile_dissim","slope_diff_signed",39,-0.11497975708502,0.485800731114005
"per_cell_balanced_resampling_OLS","median_resampled_slope","occurrence10_k1_tropical_temperate","occurrence",10,NA,1,"tropical_temperate","NH-SH slope vs signed k_cv difference","k_cv_diff_signed","slope_diff_signed",39,-0.0809716599190283,0.624118573863185
"per_cell_balanced_resampling_OLS","median_resampled_slope","occurrence10_k1_tropical_temperate","occurrence",10,NA,1,"tropical_temperate","NH-SH slope vs signed k_median difference","k_median_diff_signed","slope_diff_signed",39,0.0277555389889753,0.866798861571518
"per_cell_balanced_resampling_OLS","median_resampled_slope","occurrence10_k1_tropical_temperate_polar","occurrence",10,NA,1,"tropical_temperate_polar","NH slope vs SH slope","slope_Northern","slope_Southern",15,-0.492857142857143,0.0619510067141685
"per_cell_balanced_resampling_OLS","median_resampled_slope","occurrence10_k1_tropical_temperate_polar","occurrence",10,NA,1,"tropical_temperate_polar","|NH-SH slope| vs sampling-profile dissimilarity","sampling_profile_dissim","slope_diff_abs",15,0.503571428571428,0.0556545171611585
"per_cell_balanced_resampling_OLS","median_resampled_slope","occurrence10_k1_tropical_temperate_polar","occurrence",10,NA,1,"tropical_temperate_polar","|NH-SH slope| vs k_cv difference","k_cv_diff","slope_diff_abs",15,0.464285714285714,0.081250980755495
"per_cell_balanced_resampling_OLS","median_resampled_slope","occurrence10_k1_tropical_temperate_polar","occurrence",10,NA,1,"tropical_temperate_polar","|NH-SH slope| vs k_median asymmetry","k_median_asym","slope_diff_abs",15,0.553971170703868,0.0321366013676505
"per_cell_balanced_resampling_OLS","median_resampled_slope","occurrence10_k1_tropical_temperate_polar","occurrence",10,NA,1,"tropical_temperate_polar","NH-SH slope vs sampling-profile dissimilarity","sampling_profile_dissim","slope_diff_signed",15,-0.321428571428571,0.242719046801668
"per_cell_balanced_resampling_OLS","median_resampled_slope","occurrence10_k1_tropical_temperate_polar","occurrence",10,NA,1,"tropical_temperate_polar","NH-SH slope vs signed k_cv difference","k_cv_diff_signed","slope_diff_signed",15,0.0714285714285714,0.800295987397055
"per_cell_balanced_resampling_OLS","median_resampled_slope","occurrence10_k1_tropical_temperate_polar","occurrence",10,NA,1,"tropical_temperate_polar","NH-SH slope vs signed k_median difference","k_median_diff_signed","slope_diff_signed",15,-0.0226326482590272,0.936188975411464
"per_cell_balanced_resampling_OLS","median_resampled_slope","occurrence10_k2_tropical_temperate","occurrence",10,NA,2,"tropical_temperate","NH slope vs SH slope","slope_Northern","slope_Southern",9,-0.316666666666667,0.406397014486386
"per_cell_balanced_resampling_OLS","median_resampled_slope","occurrence10_k2_tropical_temperate","occurrence",10,NA,2,"tropical_temperate","|NH-SH slope| vs sampling-profile dissimilarity","sampling_profile_dissim","slope_diff_abs",9,0.416666666666667,0.264586046747496
"per_cell_balanced_resampling_OLS","median_resampled_slope","occurrence10_k2_tropical_temperate","occurrence",10,NA,2,"tropical_temperate","|NH-SH slope| vs k_cv difference","k_cv_diff","slope_diff_abs",9,0.433333333333333,0.243952435880052
"per_cell_balanced_resampling_OLS","median_resampled_slope","occurrence10_k2_tropical_temperate","occurrence",10,NA,2,"tropical_temperate","|NH-SH slope| vs k_median asymmetry","k_median_asym","slope_diff_abs",9,0.100419289050687,0.797138809237213
"per_cell_balanced_resampling_OLS","median_resampled_slope","occurrence10_k2_tropical_temperate","occurrence",10,NA,2,"tropical_temperate","NH-SH slope vs sampling-profile dissimilarity","sampling_profile_dissim","slope_diff_signed",9,-0.0333333333333333,0.932156735540504
"per_cell_balanced_resampling_OLS","median_resampled_slope","occurrence10_k2_tropical_temperate","occurrence",10,NA,2,"tropical_temperate","NH-SH slope vs signed k_cv difference","k_cv_diff_signed","slope_diff_signed",9,-0.383333333333333,0.308495272380372
"per_cell_balanced_resampling_OLS","median_resampled_slope","occurrence10_k2_tropical_temperate","occurrence",10,NA,2,"tropical_temperate","NH-SH slope vs signed k_median difference","k_median_diff_signed","slope_diff_signed",9,-0.127688479613812,0.74338358954755
"per_cell_balanced_resampling_OLS","median_resampled_slope","occurrence10_k2_tropical_temperate_polar","occurrence",10,NA,2,"tropical_temperate_polar","NH slope vs SH slope","slope_Northern","slope_Southern",2,NA,NA
"per_cell_balanced_resampling_OLS","median_resampled_slope","occurrence10_k2_tropical_temperate_polar","occurrence",10,NA,2,"tropical_temperate_polar","|NH-SH slope| vs sampling-profile dissimilarity","sampling_profile_dissim","slope_diff_abs",2,NA,NA
"per_cell_balanced_resampling_OLS","median_resampled_slope","occurrence10_k2_tropical_temperate_polar","occurrence",10,NA,2,"tropical_temperate_polar","|NH-SH slope| vs k_cv difference","k_cv_diff","slope_diff_abs",2,NA,NA
"per_cell_balanced_resampling_OLS","median_resampled_slope","occurrence10_k2_tropical_temperate_polar","occurrence",10,NA,2,"tropical_temperate_polar","|NH-SH slope| vs k_median asymmetry","k_median_asym","slope_diff_abs",2,NA,NA
"per_cell_balanced_resampling_OLS","median_resampled_slope","occurrence10_k2_tropical_temperate_polar","occurrence",10,NA,2,"tropical_temperate_polar","NH-SH slope vs sampling-profile dissimilarity","sampling_profile_dissim","slope_diff_signed",2,NA,NA
"per_cell_balanced_resampling_OLS","median_resampled_slope","occurrence10_k2_tropical_temperate_polar","occurrence",10,NA,2,"tropical_temperate_polar","NH-SH slope vs signed k_cv difference","k_cv_diff_signed","slope_diff_signed",2,NA,NA
"per_cell_balanced_resampling_OLS","median_resampled_slope","occurrence10_k2_tropical_temperate_polar","occurrence",10,NA,2,"tropical_temperate_polar","NH-SH slope vs signed k_median difference","k_median_diff_signed","slope_diff_signed",2,NA,NA
"per_cell_balanced_resampling_OLS","median_resampled_slope","occurrence5_k1_tropical_temperate","occurrence",5,NA,1,"tropical_temperate","NH slope vs SH slope","slope_Northern","slope_Southern",41,-0.132404181184669,0.40924430621204
"per_cell_balanced_resampling_OLS","median_resampled_slope","occurrence5_k1_tropical_temperate","occurrence",5,NA,1,"tropical_temperate","|NH-SH slope| vs sampling-profile dissimilarity","sampling_profile_dissim","slope_diff_abs",41,0.160982621347004,0.314660215990038
"per_cell_balanced_resampling_OLS","median_resampled_slope","occurrence5_k1_tropical_temperate","occurrence",5,NA,1,"tropical_temperate","|NH-SH slope| vs k_cv difference","k_cv_diff","slope_diff_abs",41,-0.360278745644599,0.020674426726401
"per_cell_balanced_resampling_OLS","median_resampled_slope","occurrence5_k1_tropical_temperate","occurrence",5,NA,1,"tropical_temperate","|NH-SH slope| vs k_median asymmetry","k_median_asym","slope_diff_abs",41,-0.0856235596634918,0.594530412604462
"per_cell_balanced_resampling_OLS","median_resampled_slope","occurrence5_k1_tropical_temperate","occurrence",5,NA,1,"tropical_temperate","NH-SH slope vs sampling-profile dissimilarity","sampling_profile_dissim","slope_diff_signed",41,-0.0196001568198463,0.90318998689777
"per_cell_balanced_resampling_OLS","median_resampled_slope","occurrence5_k1_tropical_temperate","occurrence",5,NA,1,"tropical_temperate","NH-SH slope vs signed k_cv difference","k_cv_diff_signed","slope_diff_signed",41,-0.0742160278745645,0.644687286731303
"per_cell_balanced_resampling_OLS","median_resampled_slope","occurrence5_k1_tropical_temperate","occurrence",5,NA,1,"tropical_temperate","NH-SH slope vs signed k_median difference","k_median_diff_signed","slope_diff_signed",41,0.0551355975634295,0.732062826875759
"per_cell_balanced_resampling_OLS","median_resampled_slope","occurrence5_k1_tropical_temperate_polar","occurrence",5,NA,1,"tropical_temperate_polar","NH slope vs SH slope","slope_Northern","slope_Southern",18,-0.236326109391125,0.345101248809779
"per_cell_balanced_resampling_OLS","median_resampled_slope","occurrence5_k1_tropical_temperate_polar","occurrence",5,NA,1,"tropical_temperate_polar","|NH-SH slope| vs sampling-profile dissimilarity","sampling_profile_dissim","slope_diff_abs",18,0.384932920536636,0.114708026865345
"per_cell_balanced_resampling_OLS","median_resampled_slope","occurrence5_k1_tropical_temperate_polar","occurrence",5,NA,1,"tropical_temperate_polar","|NH-SH slope| vs k_cv difference","k_cv_diff","slope_diff_abs",18,-0.155830753353973,0.536930623090077
"per_cell_balanced_resampling_OLS","median_resampled_slope","occurrence5_k1_tropical_temperate_polar","occurrence",5,NA,1,"tropical_temperate_polar","|NH-SH slope| vs k_median asymmetry","k_median_asym","slope_diff_abs",18,0.283645260178093,0.254022656205846
"per_cell_balanced_resampling_OLS","median_resampled_slope","occurrence5_k1_tropical_temperate_polar","occurrence",5,NA,1,"tropical_temperate_polar","NH-SH slope vs sampling-profile dissimilarity","sampling_profile_dissim","slope_diff_signed",18,-0.139318885448916,0.581396209584758
"per_cell_balanced_resampling_OLS","median_resampled_slope","occurrence5_k1_tropical_temperate_polar","occurrence",5,NA,1,"tropical_temperate_polar","NH-SH slope vs signed k_cv difference","k_cv_diff_signed","slope_diff_signed",18,0.04437564499484,0.861206133673137
"per_cell_balanced_resampling_OLS","median_resampled_slope","occurrence5_k1_tropical_temperate_polar","occurrence",5,NA,1,"tropical_temperate_polar","NH-SH slope vs signed k_median difference","k_median_diff_signed","slope_diff_signed",18,-0.0104890629609172,0.967050880808473
"per_cell_balanced_resampling_OLS","median_resampled_slope","occurrence5_k2_tropical_temperate","occurrence",5,NA,2,"tropical_temperate","NH slope vs SH slope","slope_Northern","slope_Southern",12,0.216783216783217,0.498555985524188
"per_cell_balanced_resampling_OLS","median_resampled_slope","occurrence5_k2_tropical_temperate","occurrence",5,NA,2,"tropical_temperate","|NH-SH slope| vs sampling-profile dissimilarity","sampling_profile_dissim","slope_diff_abs",12,0.265734265734266,0.403833088314712
"per_cell_balanced_resampling_OLS","median_resampled_slope","occurrence5_k2_tropical_temperate","occurrence",5,NA,2,"tropical_temperate","|NH-SH slope| vs k_cv difference","k_cv_diff","slope_diff_abs",12,0.034965034965035,0.91409334241076
"per_cell_balanced_resampling_OLS","median_resampled_slope","occurrence5_k2_tropical_temperate","occurrence",5,NA,2,"tropical_temperate","|NH-SH slope| vs k_median asymmetry","k_median_asym","slope_diff_abs",12,0.315068429705592,0.318517852684799
"per_cell_balanced_resampling_OLS","median_resampled_slope","occurrence5_k2_tropical_temperate","occurrence",5,NA,2,"tropical_temperate","NH-SH slope vs sampling-profile dissimilarity","sampling_profile_dissim","slope_diff_signed",12,-0.146853146853147,0.648795709784666
"per_cell_balanced_resampling_OLS","median_resampled_slope","occurrence5_k2_tropical_temperate","occurrence",5,NA,2,"tropical_temperate","NH-SH slope vs signed k_cv difference","k_cv_diff_signed","slope_diff_signed",12,-0.153846153846154,0.633090681246262
"per_cell_balanced_resampling_OLS","median_resampled_slope","occurrence5_k2_tropical_temperate","occurrence",5,NA,2,"tropical_temperate","NH-SH slope vs signed k_median difference","k_median_diff_signed","slope_diff_signed",12,-0.383708000362644,0.218199204384481
"per_cell_balanced_resampling_OLS","median_resampled_slope","occurrence5_k2_tropical_temperate_polar","occurrence",5,NA,2,"tropical_temperate_polar","NH slope vs SH slope","slope_Northern","slope_Southern",5,0.3,0.623837664781073
"per_cell_balanced_resampling_OLS","median_resampled_slope","occurrence5_k2_tropical_temperate_polar","occurrence",5,NA,2,"tropical_temperate_polar","|NH-SH slope| vs sampling-profile dissimilarity","sampling_profile_dissim","slope_diff_abs",5,0.1,0.872888571569538
"per_cell_balanced_resampling_OLS","median_resampled_slope","occurrence5_k2_tropical_temperate_polar","occurrence",5,NA,2,"tropical_temperate_polar","|NH-SH slope| vs k_cv difference","k_cv_diff","slope_diff_abs",5,0.2,0.747060078104662
"per_cell_balanced_resampling_OLS","median_resampled_slope","occurrence5_k2_tropical_temperate_polar","occurrence",5,NA,2,"tropical_temperate_polar","|NH-SH slope| vs k_median asymmetry","k_median_asym","slope_diff_abs",5,0.66688592885535,0.218893981313232
"per_cell_balanced_resampling_OLS","median_resampled_slope","occurrence5_k2_tropical_temperate_polar","occurrence",5,NA,2,"tropical_temperate_polar","NH-SH slope vs sampling-profile dissimilarity","sampling_profile_dissim","slope_diff_signed",5,0.2,0.747060078104662
"per_cell_balanced_resampling_OLS","median_resampled_slope","occurrence5_k2_tropical_temperate_polar","occurrence",5,NA,2,"tropical_temperate_polar","NH-SH slope vs signed k_cv difference","k_cv_diff_signed","slope_diff_signed",5,-0.6,0.284756979865294
"per_cell_balanced_resampling_OLS","median_resampled_slope","occurrence5_k2_tropical_temperate_polar","occurrence",5,NA,2,"tropical_temperate_polar","NH-SH slope vs signed k_median difference","k_median_diff_signed","slope_diff_signed",5,-0.359092423229804,0.552814746643351
"per_cell_balanced_resampling_OLS","median_resampled_slope","occurrence5_k3_tropical_temperate","occurrence",5,NA,3,"tropical_temperate","NH slope vs SH slope","slope_Northern","slope_Southern",1,NA,NA
"per_cell_balanced_resampling_OLS","median_resampled_slope","occurrence5_k3_tropical_temperate","occurrence",5,NA,3,"tropical_temperate","|NH-SH slope| vs sampling-profile dissimilarity","sampling_profile_dissim","slope_diff_abs",1,NA,NA
"per_cell_balanced_resampling_OLS","median_resampled_slope","occurrence5_k3_tropical_temperate","occurrence",5,NA,3,"tropical_temperate","|NH-SH slope| vs k_cv difference","k_cv_diff","slope_diff_abs",1,NA,NA
"per_cell_balanced_resampling_OLS","median_resampled_slope","occurrence5_k3_tropical_temperate","occurrence",5,NA,3,"tropical_temperate","|NH-SH slope| vs k_median asymmetry","k_median_asym","slope_diff_abs",1,NA,NA
"per_cell_balanced_resampling_OLS","median_resampled_slope","occurrence5_k3_tropical_temperate","occurrence",5,NA,3,"tropical_temperate","NH-SH slope vs sampling-profile dissimilarity","sampling_profile_dissim","slope_diff_signed",1,NA,NA
"per_cell_balanced_resampling_OLS","median_resampled_slope","occurrence5_k3_tropical_temperate","occurrence",5,NA,3,"tropical_temperate","NH-SH slope vs signed k_cv difference","k_cv_diff_signed","slope_diff_signed",1,NA,NA
"per_cell_balanced_resampling_OLS","median_resampled_slope","occurrence5_k3_tropical_temperate","occurrence",5,NA,3,"tropical_temperate","NH-SH slope vs signed k_median difference","k_median_diff_signed","slope_diff_signed",1,NA,NA
"percentile_latbin_OLS","q75","collection10_k1_tropical_temperate","collection",NA,10,1,"tropical_temperate","NH slope vs SH slope","slope_Northern","slope_Southern",15,-0.296428571428571,0.283355428434263
"percentile_latbin_OLS","q75","collection10_k1_tropical_temperate","collection",NA,10,1,"tropical_temperate","|NH-SH slope| vs sampling-profile dissimilarity","sampling_profile_dissim","slope_diff_abs",15,-0.371428571428571,0.17284974708034
"percentile_latbin_OLS","q75","collection10_k1_tropical_temperate","collection",NA,10,1,"tropical_temperate","|NH-SH slope| vs k_cv difference","k_cv_diff","slope_diff_abs",15,0.478571428571428,0.0711308082556333
"percentile_latbin_OLS","q75","collection10_k1_tropical_temperate","collection",NA,10,1,"tropical_temperate","|NH-SH slope| vs k_median asymmetry","k_median_asym","slope_diff_abs",15,-0.246176528847039,0.376454660348359
"percentile_latbin_OLS","q75","collection10_k1_tropical_temperate","collection",NA,10,1,"tropical_temperate","NH-SH slope vs sampling-profile dissimilarity","sampling_profile_dissim","slope_diff_signed",15,-0.142857142857143,0.611522228764465
"percentile_latbin_OLS","q75","collection10_k1_tropical_temperate","collection",NA,10,1,"tropical_temperate","NH-SH slope vs signed k_cv difference","k_cv_diff_signed","slope_diff_signed",15,-0.157142857142857,0.575952600603795
"percentile_latbin_OLS","q75","collection10_k1_tropical_temperate","collection",NA,10,1,"tropical_temperate","NH-SH slope vs signed k_median difference","k_median_diff_signed","slope_diff_signed",15,-0.103271715725592,0.714176866986588
"percentile_latbin_OLS","q75","collection10_k1_tropical_temperate_polar","collection",NA,10,1,"tropical_temperate_polar","NH slope vs SH slope","slope_Northern","slope_Southern",7,-0.321428571428571,0.482072038299678
"percentile_latbin_OLS","q75","collection10_k1_tropical_temperate_polar","collection",NA,10,1,"tropical_temperate_polar","|NH-SH slope| vs sampling-profile dissimilarity","sampling_profile_dissim","slope_diff_abs",7,0,1
"percentile_latbin_OLS","q75","collection10_k1_tropical_temperate_polar","collection",NA,10,1,"tropical_temperate_polar","|NH-SH slope| vs k_cv difference","k_cv_diff","slope_diff_abs",7,0.392857142857143,0.383316870426973
"percentile_latbin_OLS","q75","collection10_k1_tropical_temperate_polar","collection",NA,10,1,"tropical_temperate_polar","|NH-SH slope| vs k_median asymmetry","k_median_asym","slope_diff_abs",7,0.360374985078224,0.427148808560906
"percentile_latbin_OLS","q75","collection10_k1_tropical_temperate_polar","collection",NA,10,1,"tropical_temperate_polar","NH-SH slope vs sampling-profile dissimilarity","sampling_profile_dissim","slope_diff_signed",7,-0.464285714285714,0.293934107600252
"percentile_latbin_OLS","q75","collection10_k1_tropical_temperate_polar","collection",NA,10,1,"tropical_temperate_polar","NH-SH slope vs signed k_cv difference","k_cv_diff_signed","slope_diff_signed",7,-0.928571428571428,0.00251947240379472
"percentile_latbin_OLS","q75","collection10_k1_tropical_temperate_polar","collection",NA,10,1,"tropical_temperate_polar","NH-SH slope vs signed k_median difference","k_median_diff_signed","slope_diff_signed",7,-0.414431232839957,0.355268943766052
"percentile_latbin_OLS","q75","collection10_k2_tropical_temperate","collection",NA,10,2,"tropical_temperate","NH slope vs SH slope","slope_Northern","slope_Southern",1,NA,NA
"percentile_latbin_OLS","q75","collection10_k2_tropical_temperate","collection",NA,10,2,"tropical_temperate","|NH-SH slope| vs sampling-profile dissimilarity","sampling_profile_dissim","slope_diff_abs",1,NA,NA
"percentile_latbin_OLS","q75","collection10_k2_tropical_temperate","collection",NA,10,2,"tropical_temperate","|NH-SH slope| vs k_cv difference","k_cv_diff","slope_diff_abs",1,NA,NA
"percentile_latbin_OLS","q75","collection10_k2_tropical_temperate","collection",NA,10,2,"tropical_temperate","|NH-SH slope| vs k_median asymmetry","k_median_asym","slope_diff_abs",1,NA,NA
"percentile_latbin_OLS","q75","collection10_k2_tropical_temperate","collection",NA,10,2,"tropical_temperate","NH-SH slope vs sampling-profile dissimilarity","sampling_profile_dissim","slope_diff_signed",1,NA,NA
"percentile_latbin_OLS","q75","collection10_k2_tropical_temperate","collection",NA,10,2,"tropical_temperate","NH-SH slope vs signed k_cv difference","k_cv_diff_signed","slope_diff_signed",1,NA,NA
"percentile_latbin_OLS","q75","collection10_k2_tropical_temperate","collection",NA,10,2,"tropical_temperate","NH-SH slope vs signed k_median difference","k_median_diff_signed","slope_diff_signed",1,NA,NA
"percentile_latbin_OLS","q75","collection5_k1_tropical_temperate","collection",NA,5,1,"tropical_temperate","NH slope vs SH slope","slope_Northern","slope_Southern",32,-0.325513196480938,0.0690651923586961
"percentile_latbin_OLS","q75","collection5_k1_tropical_temperate","collection",NA,5,1,"tropical_temperate","|NH-SH slope| vs sampling-profile dissimilarity","sampling_profile_dissim","slope_diff_abs",32,0.318548387096774,0.0755839989995207
"percentile_latbin_OLS","q75","collection5_k1_tropical_temperate","collection",NA,5,1,"tropical_temperate","|NH-SH slope| vs k_cv difference","k_cv_diff","slope_diff_abs",32,-0.0916422287390029,0.617896820680866
"percentile_latbin_OLS","q75","collection5_k1_tropical_temperate","collection",NA,5,1,"tropical_temperate","|NH-SH slope| vs k_median asymmetry","k_median_asym","slope_diff_abs",32,-0.166655278412208,0.36196099803396
"percentile_latbin_OLS","q75","collection5_k1_tropical_temperate","collection",NA,5,1,"tropical_temperate","NH-SH slope vs sampling-profile dissimilarity","sampling_profile_dissim","slope_diff_signed",32,-0.296554252199414,0.0993251549004601
"percentile_latbin_OLS","q75","collection5_k1_tropical_temperate","collection",NA,5,1,"tropical_temperate","NH-SH slope vs signed k_cv difference","k_cv_diff_signed","slope_diff_signed",32,-0.0095307917888563,0.958711686117769
"percentile_latbin_OLS","q75","collection5_k1_tropical_temperate","collection",NA,5,1,"tropical_temperate","NH-SH slope vs signed k_median difference","k_median_diff_signed","slope_diff_signed",32,0.108780817690019,0.553423616768818
"percentile_latbin_OLS","q75","collection5_k1_tropical_temperate_polar","collection",NA,5,1,"tropical_temperate_polar","NH slope vs SH slope","slope_Northern","slope_Southern",15,-0.482142857142857,0.0687495377206437
"percentile_latbin_OLS","q75","collection5_k1_tropical_temperate_polar","collection",NA,5,1,"tropical_temperate_polar","|NH-SH slope| vs sampling-profile dissimilarity","sampling_profile_dissim","slope_diff_abs",15,-0.128571428571429,0.647916329466507
"percentile_latbin_OLS","q75","collection5_k1_tropical_temperate_polar","collection",NA,5,1,"tropical_temperate_polar","|NH-SH slope| vs k_cv difference","k_cv_diff","slope_diff_abs",15,0.157142857142857,0.575952600603795
"percentile_latbin_OLS","q75","collection5_k1_tropical_temperate_polar","collection",NA,5,1,"tropical_temperate_polar","|NH-SH slope| vs k_median asymmetry","k_median_asym","slope_diff_abs",15,0.123088264423519,0.662089668465532
"percentile_latbin_OLS","q75","collection5_k1_tropical_temperate_polar","collection",NA,5,1,"tropical_temperate_polar","NH-SH slope vs sampling-profile dissimilarity","sampling_profile_dissim","slope_diff_signed",15,-0.335714285714286,0.221211537639326
"percentile_latbin_OLS","q75","collection5_k1_tropical_temperate_polar","collection",NA,5,1,"tropical_temperate_polar","NH-SH slope vs signed k_cv difference","k_cv_diff_signed","slope_diff_signed",15,-0.0607142857142857,0.829812095442519
"percentile_latbin_OLS","q75","collection5_k1_tropical_temperate_polar","collection",NA,5,1,"tropical_temperate_polar","NH-SH slope vs signed k_median difference","k_median_diff_signed","slope_diff_signed",15,-0.256643764259661,0.355827910890829
"percentile_latbin_OLS","q75","collection5_k2_tropical_temperate","collection",NA,5,2,"tropical_temperate","NH slope vs SH slope","slope_Northern","slope_Southern",6,-0.942857142857143,0.00480466472303207
"percentile_latbin_OLS","q75","collection5_k2_tropical_temperate","collection",NA,5,2,"tropical_temperate","|NH-SH slope| vs sampling-profile dissimilarity","sampling_profile_dissim","slope_diff_abs",6,0.257142857142857,0.622787172011662
"percentile_latbin_OLS","q75","collection5_k2_tropical_temperate","collection",NA,5,2,"tropical_temperate","|NH-SH slope| vs k_cv difference","k_cv_diff","slope_diff_abs",6,0.142857142857143,0.787172011661808
"percentile_latbin_OLS","q75","collection5_k2_tropical_temperate","collection",NA,5,2,"tropical_temperate","|NH-SH slope| vs k_median asymmetry","k_median_asym","slope_diff_abs",6,0.542857142857143,0.265702623906705
"percentile_latbin_OLS","q75","collection5_k2_tropical_temperate","collection",NA,5,2,"tropical_temperate","NH-SH slope vs sampling-profile dissimilarity","sampling_profile_dissim","slope_diff_signed",6,-0.542857142857143,0.265702623906705
"percentile_latbin_OLS","q75","collection5_k2_tropical_temperate","collection",NA,5,2,"tropical_temperate","NH-SH slope vs signed k_cv difference","k_cv_diff_signed","slope_diff_signed",6,-0.428571428571429,0.396501457725947
"percentile_latbin_OLS","q75","collection5_k2_tropical_temperate","collection",NA,5,2,"tropical_temperate","NH-SH slope vs signed k_median difference","k_median_diff_signed","slope_diff_signed",6,-0.314285714285714,0.544093294460641
"percentile_latbin_OLS","q75","collection5_k2_tropical_temperate_polar","collection",NA,5,2,"tropical_temperate_polar","NH slope vs SH slope","slope_Northern","slope_Southern",3,-1,0
"percentile_latbin_OLS","q75","collection5_k2_tropical_temperate_polar","collection",NA,5,2,"tropical_temperate_polar","|NH-SH slope| vs sampling-profile dissimilarity","sampling_profile_dissim","slope_diff_abs",3,-0.5,0.666666666666667
"percentile_latbin_OLS","q75","collection5_k2_tropical_temperate_polar","collection",NA,5,2,"tropical_temperate_polar","|NH-SH slope| vs k_cv difference","k_cv_diff","slope_diff_abs",3,0.5,0.666666666666667
"percentile_latbin_OLS","q75","collection5_k2_tropical_temperate_polar","collection",NA,5,2,"tropical_temperate_polar","|NH-SH slope| vs k_median asymmetry","k_median_asym","slope_diff_abs",3,1,0
"percentile_latbin_OLS","q75","collection5_k2_tropical_temperate_polar","collection",NA,5,2,"tropical_temperate_polar","NH-SH slope vs sampling-profile dissimilarity","sampling_profile_dissim","slope_diff_signed",3,-0.5,0.666666666666667
"percentile_latbin_OLS","q75","collection5_k2_tropical_temperate_polar","collection",NA,5,2,"tropical_temperate_polar","NH-SH slope vs signed k_cv difference","k_cv_diff_signed","slope_diff_signed",3,-0.5,0.666666666666667
"percentile_latbin_OLS","q75","collection5_k2_tropical_temperate_polar","collection",NA,5,2,"tropical_temperate_polar","NH-SH slope vs signed k_median difference","k_median_diff_signed","slope_diff_signed",3,0.5,0.666666666666667
"percentile_latbin_OLS","q75","occurrence10_k1_tropical_temperate","occurrence",10,NA,1,"tropical_temperate","NH slope vs SH slope","slope_Northern","slope_Southern",39,-0.106072874493927,0.520425488923443
"percentile_latbin_OLS","q75","occurrence10_k1_tropical_temperate","occurrence",10,NA,1,"tropical_temperate","|NH-SH slope| vs sampling-profile dissimilarity","sampling_profile_dissim","slope_diff_abs",39,0.199797570850202,0.222661598628544
"percentile_latbin_OLS","q75","occurrence10_k1_tropical_temperate","occurrence",10,NA,1,"tropical_temperate","|NH-SH slope| vs k_cv difference","k_cv_diff","slope_diff_abs",39,-0.179352226720648,0.274612870035775
"percentile_latbin_OLS","q75","occurrence10_k1_tropical_temperate","occurrence",10,NA,1,"tropical_temperate","|NH-SH slope| vs k_median asymmetry","k_median_asym","slope_diff_abs",39,0.037076781269919,0.822688868861616
"percentile_latbin_OLS","q75","occurrence10_k1_tropical_temperate","occurrence",10,NA,1,"tropical_temperate","NH-SH slope vs sampling-profile dissimilarity","sampling_profile_dissim","slope_diff_signed",39,-0.12834008097166,0.436194723257292
"percentile_latbin_OLS","q75","occurrence10_k1_tropical_temperate","occurrence",10,NA,1,"tropical_temperate","NH-SH slope vs signed k_cv difference","k_cv_diff_signed","slope_diff_signed",39,-0.134412955465587,0.414608886835187
"percentile_latbin_OLS","q75","occurrence10_k1_tropical_temperate","occurrence",10,NA,1,"tropical_temperate","NH-SH slope vs signed k_median difference","k_median_diff_signed","slope_diff_signed",39,0.105184275061541,0.52394545146465
"percentile_latbin_OLS","q75","occurrence10_k1_tropical_temperate_polar","occurrence",10,NA,1,"tropical_temperate_polar","NH slope vs SH slope","slope_Northern","slope_Southern",15,-0.403571428571428,0.135767996503656
"percentile_latbin_OLS","q75","occurrence10_k1_tropical_temperate_polar","occurrence",10,NA,1,"tropical_temperate_polar","|NH-SH slope| vs sampling-profile dissimilarity","sampling_profile_dissim","slope_diff_abs",15,0.321428571428571,0.242719046801668
"percentile_latbin_OLS","q75","occurrence10_k1_tropical_temperate_polar","occurrence",10,NA,1,"tropical_temperate_polar","|NH-SH slope| vs k_cv difference","k_cv_diff","slope_diff_abs",15,0.535714285714286,0.0395669722295495
"percentile_latbin_OLS","q75","occurrence10_k1_tropical_temperate_polar","occurrence",10,NA,1,"tropical_temperate_polar","|NH-SH slope| vs k_median asymmetry","k_median_asym","slope_diff_abs",15,0.242812039107215,0.383219459651866
"percentile_latbin_OLS","q75","occurrence10_k1_tropical_temperate_polar","occurrence",10,NA,1,"tropical_temperate_polar","NH-SH slope vs sampling-profile dissimilarity","sampling_profile_dissim","slope_diff_signed",15,-0.328571428571429,0.23180969720616
"percentile_latbin_OLS","q75","occurrence10_k1_tropical_temperate_polar","occurrence",10,NA,1,"tropical_temperate_polar","NH-SH slope vs signed k_cv difference","k_cv_diff_signed","slope_diff_signed",15,-0.0464285714285714,0.869491525545094
"percentile_latbin_OLS","q75","occurrence10_k1_tropical_temperate_polar","occurrence",10,NA,1,"tropical_temperate_polar","NH-SH slope vs signed k_median difference","k_median_diff_signed","slope_diff_signed",15,0.028290810323784,0.920278318923295
"percentile_latbin_OLS","q75","occurrence10_k2_tropical_temperate","occurrence",10,NA,2,"tropical_temperate","NH slope vs SH slope","slope_Northern","slope_Southern",9,-0.2,0.605901274179553
"percentile_latbin_OLS","q75","occurrence10_k2_tropical_temperate","occurrence",10,NA,2,"tropical_temperate","|NH-SH slope| vs sampling-profile dissimilarity","sampling_profile_dissim","slope_diff_abs",9,0.383333333333333,0.308495272380372
"percentile_latbin_OLS","q75","occurrence10_k2_tropical_temperate","occurrence",10,NA,2,"tropical_temperate","|NH-SH slope| vs k_cv difference","k_cv_diff","slope_diff_abs",9,0.433333333333333,0.243952435880052
"percentile_latbin_OLS","q75","occurrence10_k2_tropical_temperate","occurrence",10,NA,2,"tropical_temperate","|NH-SH slope| vs k_median asymmetry","k_median_asym","slope_diff_abs",9,0.0418413704377862,0.914885718081665
"percentile_latbin_OLS","q75","occurrence10_k2_tropical_temperate","occurrence",10,NA,2,"tropical_temperate","NH-SH slope vs sampling-profile dissimilarity","sampling_profile_dissim","slope_diff_signed",9,-0.216666666666667,0.575514895711925
"percentile_latbin_OLS","q75","occurrence10_k2_tropical_temperate","occurrence",10,NA,2,"tropical_temperate","NH-SH slope vs signed k_cv difference","k_cv_diff_signed","slope_diff_signed",9,-0.633333333333333,0.0670857868923456
"percentile_latbin_OLS","q75","occurrence10_k2_tropical_temperate","occurrence",10,NA,2,"tropical_temperate","NH-SH slope vs signed k_median difference","k_median_diff_signed","slope_diff_signed",9,-0.323477481688324,0.395807466616122
"percentile_latbin_OLS","q75","occurrence10_k2_tropical_temperate_polar","occurrence",10,NA,2,"tropical_temperate_polar","NH slope vs SH slope","slope_Northern","slope_Southern",2,NA,NA
"percentile_latbin_OLS","q75","occurrence10_k2_tropical_temperate_polar","occurrence",10,NA,2,"tropical_temperate_polar","|NH-SH slope| vs sampling-profile dissimilarity","sampling_profile_dissim","slope_diff_abs",2,NA,NA
"percentile_latbin_OLS","q75","occurrence10_k2_tropical_temperate_polar","occurrence",10,NA,2,"tropical_temperate_polar","|NH-SH slope| vs k_cv difference","k_cv_diff","slope_diff_abs",2,NA,NA
"percentile_latbin_OLS","q75","occurrence10_k2_tropical_temperate_polar","occurrence",10,NA,2,"tropical_temperate_polar","|NH-SH slope| vs k_median asymmetry","k_median_asym","slope_diff_abs",2,NA,NA
"percentile_latbin_OLS","q75","occurrence10_k2_tropical_temperate_polar","occurrence",10,NA,2,"tropical_temperate_polar","NH-SH slope vs sampling-profile dissimilarity","sampling_profile_dissim","slope_diff_signed",2,NA,NA
"percentile_latbin_OLS","q75","occurrence10_k2_tropical_temperate_polar","occurrence",10,NA,2,"tropical_temperate_polar","NH-SH slope vs signed k_cv difference","k_cv_diff_signed","slope_diff_signed",2,NA,NA
"percentile_latbin_OLS","q75","occurrence10_k2_tropical_temperate_polar","occurrence",10,NA,2,"tropical_temperate_polar","NH-SH slope vs signed k_median difference","k_median_diff_signed","slope_diff_signed",2,NA,NA
"percentile_latbin_OLS","q75","occurrence5_k1_tropical_temperate","occurrence",5,NA,1,"tropical_temperate","NH slope vs SH slope","slope_Northern","slope_Southern",41,-0.226306620209059,0.154796587358615
"percentile_latbin_OLS","q75","occurrence5_k1_tropical_temperate","occurrence",5,NA,1,"tropical_temperate","|NH-SH slope| vs sampling-profile dissimilarity","sampling_profile_dissim","slope_diff_abs",41,0.211071910997723,0.185269002655044
"percentile_latbin_OLS","q75","occurrence5_k1_tropical_temperate","occurrence",5,NA,1,"tropical_temperate","|NH-SH slope| vs k_cv difference","k_cv_diff","slope_diff_abs",41,-0.393205574912892,0.0109827828093476
"percentile_latbin_OLS","q75","occurrence5_k1_tropical_temperate","occurrence",5,NA,1,"tropical_temperate","|NH-SH slope| vs k_median asymmetry","k_median_asym","slope_diff_abs",41,0.0231533095008422,0.885746954762059
"percentile_latbin_OLS","q75","occurrence5_k1_tropical_temperate","occurrence",5,NA,1,"tropical_temperate","NH-SH slope vs sampling-profile dissimilarity","sampling_profile_dissim","slope_diff_signed",41,-0.021603728405875,0.89334806122942
"percentile_latbin_OLS","q75","occurrence5_k1_tropical_temperate","occurrence",5,NA,1,"tropical_temperate","NH-SH slope vs signed k_cv difference","k_cv_diff_signed","slope_diff_signed",41,-0.108536585365854,0.499370406116072
"percentile_latbin_OLS","q75","occurrence5_k1_tropical_temperate","occurrence",5,NA,1,"tropical_temperate","NH-SH slope vs signed k_median difference","k_median_diff_signed","slope_diff_signed",41,0.125761672537537,0.433343780112047
"percentile_latbin_OLS","q75","occurrence5_k1_tropical_temperate_polar","occurrence",5,NA,1,"tropical_temperate_polar","NH slope vs SH slope","slope_Northern","slope_Southern",18,-0.331269349845201,0.179322144399268
"percentile_latbin_OLS","q75","occurrence5_k1_tropical_temperate_polar","occurrence",5,NA,1,"tropical_temperate_polar","|NH-SH slope| vs sampling-profile dissimilarity","sampling_profile_dissim","slope_diff_abs",18,0.296181630546956,0.232716857410685
"percentile_latbin_OLS","q75","occurrence5_k1_tropical_temperate_polar","occurrence",5,NA,1,"tropical_temperate_polar","|NH-SH slope| vs k_cv difference","k_cv_diff","slope_diff_abs",18,-0.370485036119711,0.130165606628634
"percentile_latbin_OLS","q75","occurrence5_k1_tropical_temperate_polar","occurrence",5,NA,1,"tropical_temperate_polar","|NH-SH slope| vs k_median asymmetry","k_median_asym","slope_diff_abs",18,0.236025982921917,0.34573226147374
"percentile_latbin_OLS","q75","occurrence5_k1_tropical_temperate_polar","occurrence",5,NA,1,"tropical_temperate_polar","NH-SH slope vs sampling-profile dissimilarity","sampling_profile_dissim","slope_diff_signed",18,-0.0608875128998968,0.810329900896628
"percentile_latbin_OLS","q75","occurrence5_k1_tropical_temperate_polar","occurrence",5,NA,1,"tropical_temperate_polar","NH-SH slope vs signed k_cv difference","k_cv_diff_signed","slope_diff_signed",18,0.100103199174407,0.692689939251838
"percentile_latbin_OLS","q75","occurrence5_k1_tropical_temperate_polar","occurrence",5,NA,1,"tropical_temperate_polar","NH-SH slope vs signed k_median difference","k_median_diff_signed","slope_diff_signed",18,-0.0891570351677966,0.724982857878282
"percentile_latbin_OLS","q75","occurrence5_k2_tropical_temperate","occurrence",5,NA,2,"tropical_temperate","NH slope vs SH slope","slope_Northern","slope_Southern",12,0.153846153846154,0.633090681246262
"percentile_latbin_OLS","q75","occurrence5_k2_tropical_temperate","occurrence",5,NA,2,"tropical_temperate","|NH-SH slope| vs sampling-profile dissimilarity","sampling_profile_dissim","slope_diff_abs",12,0.244755244755245,0.443261936450183
"percentile_latbin_OLS","q75","occurrence5_k2_tropical_temperate","occurrence",5,NA,2,"tropical_temperate","|NH-SH slope| vs k_cv difference","k_cv_diff","slope_diff_abs",12,0.00699300699300699,0.982791768902848
"percentile_latbin_OLS","q75","occurrence5_k2_tropical_temperate","occurrence",5,NA,2,"tropical_temperate","|NH-SH slope| vs k_median asymmetry","k_median_asym","slope_diff_abs",12,0.240726440673936,0.451038282805348
"percentile_latbin_OLS","q75","occurrence5_k2_tropical_temperate","occurrence",5,NA,2,"tropical_temperate","NH-SH slope vs sampling-profile dissimilarity","sampling_profile_dissim","slope_diff_signed",12,-0.0909090909090909,0.778725396245443
"percentile_latbin_OLS","q75","occurrence5_k2_tropical_temperate","occurrence",5,NA,2,"tropical_temperate","NH-SH slope vs signed k_cv difference","k_cv_diff_signed","slope_diff_signed",12,-0.314685314685315,0.319138785503305
"percentile_latbin_OLS","q75","occurrence5_k2_tropical_temperate","occurrence",5,NA,2,"tropical_temperate","NH-SH slope vs signed k_median difference","k_median_diff_signed","slope_diff_signed",12,-0.20961825945737,0.513194434722199
"percentile_latbin_OLS","q75","occurrence5_k2_tropical_temperate_polar","occurrence",5,NA,2,"tropical_temperate_polar","NH slope vs SH slope","slope_Northern","slope_Southern",5,-0.1,0.872888571569538
"percentile_latbin_OLS","q75","occurrence5_k2_tropical_temperate_polar","occurrence",5,NA,2,"tropical_temperate_polar","|NH-SH slope| vs sampling-profile dissimilarity","sampling_profile_dissim","slope_diff_abs",5,-0.1,0.872888571569538
"percentile_latbin_OLS","q75","occurrence5_k2_tropical_temperate_polar","occurrence",5,NA,2,"tropical_temperate_polar","|NH-SH slope| vs k_cv difference","k_cv_diff","slope_diff_abs",5,0.3,0.623837664781073
"percentile_latbin_OLS","q75","occurrence5_k2_tropical_temperate_polar","occurrence",5,NA,2,"tropical_temperate_polar","|NH-SH slope| vs k_median asymmetry","k_median_asym","slope_diff_abs",5,0.872081599272381,0.0538542177275421
"percentile_latbin_OLS","q75","occurrence5_k2_tropical_temperate_polar","occurrence",5,NA,2,"tropical_temperate_polar","NH-SH slope vs sampling-profile dissimilarity","sampling_profile_dissim","slope_diff_signed",5,0.5,0.39100221895577
"percentile_latbin_OLS","q75","occurrence5_k2_tropical_temperate_polar","occurrence",5,NA,2,"tropical_temperate_polar","NH-SH slope vs signed k_cv difference","k_cv_diff_signed","slope_diff_signed",5,-0.9,0.0373860734684987
"percentile_latbin_OLS","q75","occurrence5_k2_tropical_temperate_polar","occurrence",5,NA,2,"tropical_temperate_polar","NH-SH slope vs signed k_median difference","k_median_diff_signed","slope_diff_signed",5,0.0512989176042577,0.934712848108234
"percentile_latbin_OLS","q75","occurrence5_k3_tropical_temperate","occurrence",5,NA,3,"tropical_temperate","NH slope vs SH slope","slope_Northern","slope_Southern",1,NA,NA
"percentile_latbin_OLS","q75","occurrence5_k3_tropical_temperate","occurrence",5,NA,3,"tropical_temperate","|NH-SH slope| vs sampling-profile dissimilarity","sampling_profile_dissim","slope_diff_abs",1,NA,NA
"percentile_latbin_OLS","q75","occurrence5_k3_tropical_temperate","occurrence",5,NA,3,"tropical_temperate","|NH-SH slope| vs k_cv difference","k_cv_diff","slope_diff_abs",1,NA,NA
"percentile_latbin_OLS","q75","occurrence5_k3_tropical_temperate","occurrence",5,NA,3,"tropical_temperate","|NH-SH slope| vs k_median asymmetry","k_median_asym","slope_diff_abs",1,NA,NA
"percentile_latbin_OLS","q75","occurrence5_k3_tropical_temperate","occurrence",5,NA,3,"tropical_temperate","NH-SH slope vs sampling-profile dissimilarity","sampling_profile_dissim","slope_diff_signed",1,NA,NA
"percentile_latbin_OLS","q75","occurrence5_k3_tropical_temperate","occurrence",5,NA,3,"tropical_temperate","NH-SH slope vs signed k_cv difference","k_cv_diff_signed","slope_diff_signed",1,NA,NA
"percentile_latbin_OLS","q75","occurrence5_k3_tropical_temperate","occurrence",5,NA,3,"tropical_temperate","NH-SH slope vs signed k_median difference","k_median_diff_signed","slope_diff_signed",1,NA,NA
